DeviceName,FQDN,ApplicationName,Publisher,FileName,InstallationPath,SHA256,MD5
HTH9S9CGB3,HTH9S9CGB3.HillTop.Global,Microsoft® Windows® Operating System,Microsoft Corporation,SenseIR.exe,C:\Program Files\Windows Defender Advanced Threat Protection,F625A188F6B66296BBAF27A21F631214838F0EF6027B72B28ED22F8F980FF436,862E89711005772126D4FE06D3AA2412
HTH9S9CGB3,HTH9S9CGB3.HillTop.Global,Microsoft (R) Windows (R) Operating System,Microsoft,SenseNdr.exe,C:\Program Files\Windows Defender Advanced Threat Protection,F5305E68FB040F31B06A56540F1FCF31150C2C1DB595DA19D9940F8711706A65,D9CF27B420608E6CB8AB51418B991895
HTH9S9CGB3,HTH9S9CGB3.HillTop.Global,Microsoft® Windows® Operating System,Microsoft Corporation,SenseSampleUploader.exe,C:\Program Files\Windows Defender Advanced Threat Protection,9A8033F1FB42B12937705A163F8548FF84222CED18C1B45829D1FF55EED22BD5,449A6DB7F469CF087B26EF681F1CB918
HTH9S9CGB3,HTH9S9CGB3.HillTop.Global,Microsoft® Windows® Operating System,Microsoft Corporation,SenseTracer.exe,C:\Program Files\Windows Defender Advanced Threat Protection,218861D231A03E60D3CD25F6CC68C5346D5E61F572E39DF54FFCBDA749DD9724,24AB4BA23C859ADF1A31423EF91EA1C8
HTH9S9CGB3,HTH9S9CGB3.HillTop.Global,Microsoft (R) Windows (R) Operating System,Unknown,SenseTVM.exe,C:\Program Files\Windows Defender Advanced Threat Protection,C57A49C88E9EA45883C41FEA55CACA2EA3DBADD10A713F5AA9C079AD18F860CF,B2994BCE7F4EA7E84FF4B0CE1625F6F9
HTH9S9CGB3,HTH9S9CGB3.HillTop.Global,Microsoft® Windows® Operating System,Microsoft Corporation,wab.exe,C:\Program Files\Windows Mail,2EAB6C75F31F21FF4CE8ACE89B3C504B3C383036DA936DDE2286C6B1FD3C6FA6,20F0551A9D68457A511536D9FF7FEF94
HTH9S9CGB3,HTH9S9CGB3.HillTop.Global,Microsoft® Windows® Operating System,Microsoft Corporation,wabmig.exe,C:\Program Files\Windows Mail,EBA49954042506DFCB35A1E6EF882635193672F1A695876ABE4D7F4F82EB3B3D,24A4194D98521A8D7543A1749E4B608C
HTH9S9CGB3,HTH9S9CGB3.HillTop.Global,Microsoft® Windows® Operating System,Microsoft Corporation,setup_wm.exe,C:\Program Files\Windows Media Player,593F5D2DFB14D2236E8007FFCCC231542A91561F0DC1EF4660EB739C4BA8A0A3,1CC0416605E4C934B3C52554FF3620A0
HTH9S9CGB3,HTH9S9CGB3.HillTop.Global,Microsoft® Windows® Operating System,Microsoft Corporation,wmlaunch.exe,C:\Program Files\Windows Media Player,AF4448398F14A777602738EA0495ED53C7476107521F0F0EC609A84C80D56A0D,B10F47FB3CB639B67BF875DC41B47B57
HTH9S9CGB3,HTH9S9CGB3.HillTop.Global,Microsoft® Windows® Operating System,Microsoft Corporation,wmpconfig.exe,C:\Program Files\Windows Media Player,9E666930A8E57742C72B8AF642B6E8E199BEBCC2E598CDFCF7066E4C7E1047FB,00D8E146D12E4885372E73B18EBFD19F
HTH9S9CGB3,HTH9S9CGB3.HillTop.Global,Microsoft® Windows® Operating System,Microsoft Corporation,wmplayer.exe,C:\Program Files\Windows Media Player,A76707876FE893904E533014AB146B1747FB052CA766C075822A954ED4B99417,50604BB1EF0D159BB392330E71F03892
HTH9S9CGB3,HTH9S9CGB3.HillTop.Global,Microsoft® Windows® Operating System,Microsoft Corporation,wmpnetwk.exe,C:\Program Files\Windows Media Player,1EB6A49369E221874FC770AB96A1A5D1D13876AC0BC144A87F3DA0088A5C3A38,FE4F40BAFFA77CFF7A2559CFD9777D17
HTH9S9CGB3,HTH9S9CGB3.HillTop.Global,Microsoft® Windows® Operating System,Microsoft Corporation,wmpnscfg.exe,C:\Program Files\Windows Media Player,D2401997559BF54DEDA0BCB1EA5C2529AC1F670DD3A70D44E7C114E2E33881F8,1D74F39AB9FF12109EDA72B0B20A2D04
HTH9S9CGB3,HTH9S9CGB3.HillTop.Global,Microsoft® Windows® Operating System,Microsoft Corporation,wmprph.exe,C:\Program Files\Windows Media Player,D05F66A2AA4A82D7932494EBF54DB41EA16666FED3E83A1A36A6766B8441BB49,EECAD7174AFE434BEC3FE4E67B54FBF5
HTH9S9CGB3,HTH9S9CGB3.HillTop.Global,Microsoft® Windows® Operating System,Microsoft Corporation,wmpshare.exe,C:\Program Files\Windows Media Player,60D0689D631877FF9954BD893626D5955CAEB95599CB15D0C54144E122BD7612,63BDA347F4F923319C466F11395C9A1D
HTH9S9CGB3,HTH9S9CGB3.HillTop.Global,Microsoft® Windows® Operating System,Microsoft Corporation,wordpad.exe,C:\Program Files\Windows NT\Accessories,402A4217C552D884D9AFAB5A35F4299BEDAA8D77D778C014E24306715A5CF0EC,3083CEDEB6716B2D15CC8E5A0ED17A80
HTH9S9CGB3,HTH9S9CGB3.HillTop.Global,Microsoft® Windows® Operating System,Microsoft Corporation,ImagingDevices.exe,C:\Program Files\Windows Photo Viewer,B01C0831694BBBE773540EAE0E34915FB95747F6151F99D60442BA891A08641D,FE068DD0E6E75463D6476E40335B78B0
HTH9S9CGB3,HTH9S9CGB3.HillTop.Global,Pester,Unknown,Pester.bat,C:\Program Files\WindowsPowerShell\Modules\Pester\3.4.0\bin,EB83A9D837CFE2F409CA3839B017E307A7A65782CB6A0AE0C50731C244DAD40E,AE50055B1CDF8855C89616473392C167
HTH9S9CGB3,HTH9S9CGB3.HillTop.Global,Build,Unknown,Build.bat,C:\Program Files\WindowsPowerShell\Modules\Pester\3.4.0,5DDA94698370CAF157D4FD6E669B630F9A2AD529A9DCE75710AB64F85FFA34D3,FBA5E49A848A2EAAB7F51E2ADB48D63F
HTH9S9CGB3,HTH9S9CGB3.HillTop.Global,Zoom,Zoom Communications Inc.,ZoomOutlookMAPI.exe,C:\Program Files\Zoom\bin\ZoomOutlookMAPI,7826DB54A080F8EA050213284F64BB6559CFBE8D7235B0BD64A60B9DE495EA6E,0AF5920D256A092E3100F7259A552C7B
HTH9S9CGB3,HTH9S9CGB3.HillTop.Global,Zoom,Zoom Communications Inc.,ZoomOutlookMAPI64.exe,C:\Program Files\Zoom\bin\ZoomOutlookMAPI,8B427727E0C05838D1C77054252C98CD0FE3A85F4A9AE29C8FA132634C872DA3,849626B0A66167EECD8BD43F47D4CE3A
HTH9S9CGB3,HTH9S9CGB3.HillTop.Global,AirHost,Zoom Video Communications Inc.,airhost.exe,C:\Program Files\Zoom\bin,F1B05042267BDD2317891368C98190E0FB851CD5F8FED943BEA37BEB737F82B8,A46C27A9626766659896D6A0CD761667
HTH9S9CGB3,HTH9S9CGB3.HillTop.Global,Zoom,Zoom Communications Inc.,aomhost64.exe,C:\Program Files\Zoom\bin,6A88105844AB769CD0EB7C100D86ED8C528287E86E3DDD16713DD4EBACEB383F,5BDB17510D36BA58EE6225A6FDF35543
HTH9S9CGB3,HTH9S9CGB3.HillTop.Global,Zoom Video Call,Zoom Communications Inc.,CptControl.exe,C:\Program Files\Zoom\bin,2A0B26DD703B64FA5835A45ADF937676E7603738AFE890C0C1BCA793284C702D,68CFE74475325EE50A5808379D0872CD
HTH9S9CGB3,HTH9S9CGB3.HillTop.Global,Zoom Video Call,Zoom Communications Inc.,CptHost.exe,C:\Program Files\Zoom\bin,81E92DE3041B8BA51F7EDF221EDCFFFA4E16E8C7C81C9E4D0DEF76D2D8C0E709,E432D2DBD7611D4325C0669D4AA356CD
HTH9S9CGB3,HTH9S9CGB3.HillTop.Global,Adobe Licensing WF,Adobe Inc.,adobe_licensing_wf_acro.exe,C:\Program Files (x86)\Adobe\Acrobat DC\Acrobat\LicensingHelpers\Workflow,50BBE6BB76F042B942B2E25C73B83B4B3FB0AFF98CE6543BB14EB93461C801E0,81C8CDE0C5E1B536A87A4823EE33F8C2
HTH9S9CGB3,HTH9S9CGB3.HillTop.Global,Adobe Licensing WF Helper,Adobe Inc.,adobe_licensing_wf_helper_acro.exe,C:\Program Files (x86)\Adobe\Acrobat DC\Acrobat\LicensingHelpers\Workflow,ACF0FBEA8E17A5CA49F616715F1F01B39793092EC5AF050496CF2F12C07585CA,1D22D4B8A969991865A9D6833CB209D8
HTH9S9CGB3,HTH9S9CGB3.HillTop.Global,Adobe Licensing WF,Adobe Inc.,adobe_licensing_wf_acro.exe,C:\Program Files (x86)\Adobe\Acrobat DC\Acrobat\NGL\cefWorkflow,CDB2D8AF7AF11F2D5E61BA67DA6B7CBCD55A20DB1EB88ECF2025DD812F9FA368,0195AE45F8C7F945FC98C1337EA4C088
HTH9S9CGB3,HTH9S9CGB3.HillTop.Global,Adobe Licensing WF Helper,Adobe Inc.,adobe_licensing_wf_helper_acro.exe,C:\Program Files (x86)\Adobe\Acrobat DC\Acrobat\NGL\cefWorkflow,91BD2B3D92E9720F8B1DD3B7157A49CB8815C5C8DE61D3907D6956BBB7D10484,E3E1E21889F0C18CDB7C263F7D7DC5D9
HTH9S9CGB3,HTH9S9CGB3.HillTop.Global,The OpenSSL Toolkit,The OpenSSL Project https://www.openssl.org/,AdobeFips.exe,C:\Program Files (x86)\Adobe\Acrobat DC\Acrobat\OSSLLibs,C7CA7C7DE87DE4212D6784117F9004183570A684B641BD9808B8CA84168A940B,7B57E47C08B1B4786295DD73257917C3
HTH9S9CGB3,HTH9S9CGB3.HillTop.Global,Adobe Acrobat 32BitMAPIBroker,Adobe Systems Incorporated,32BitMAPIBroker.exe,C:\Program Files (x86)\Adobe\Acrobat DC\Acrobat\plug_ins\pi_brokers,3F22614584AD6A5DA28D2F5CCB4EC4E5EA689FC6B287A0F948DD0026FFE59152,7DDE59F076B4150DB1850DA3417C9FF4
HTH9S9CGB3,HTH9S9CGB3.HillTop.Global,Adobe Acrobat 64BitMAPIBroker,Adobe Systems Incorporated,64BitMAPIBroker.exe,C:\Program Files (x86)\Adobe\Acrobat DC\Acrobat\plug_ins\pi_brokers,7396FD28F932AA8849BAAAABF06800B68DF10D850703F7C72422968AE7112028,AAC77F213C7A793E323F7A41E10FDCB6
HTH9S9CGB3,HTH9S9CGB3.HillTop.Global,MSRMSPIBroker,Unknown,MSRMSPIBroker.exe,C:\Program Files (x86)\Adobe\Acrobat DC\Acrobat\plug_ins\pi_brokers,1E0C6236E748FDCB0817DEE2DC71FB547FBDDEFBFA9165FDCD8B6476AD09FFA6,C42324795CFBC756A98BF0FCA78C9437
HTH9S9CGB3,HTH9S9CGB3.HillTop.Global,7-Zip,Igor Pavlov,7za.exe,C:\Program Files (x86)\Adobe\Acrobat DC\Acrobat\plug_ins\Preflight\UnpackTool,C63C0D739315F154C8884C7361E8F0F810A09F58115275F380D24EB50A793063,22B8CB996AAD204A58A20DCAA62B0B2A
HTH9S9CGB3,HTH9S9CGB3.HillTop.Global,Adobe Acrobat,Adobe Systems Incorporated,AcroScanBroker.exe,C:\Program Files (x86)\Adobe\Acrobat DC\Acrobat\plug_ins\Scan,83484B1103E0286BA6B21E0830853DD3B96A78DAB930088E624BC41013155624,37F5628BE9E8B123F1D66F20F9B857F8
HTH9S9CGB3,HTH9S9CGB3.HillTop.Global,PrintINF Application,Unknown,PrintInf64.exe,C:\Program Files (x86)\Adobe\Acrobat DC\Acrobat\Xtras\AdobePDF,1A7FB6AC25A55F0E7040FA88719BF2C6DA819DC609396F0F9D29CC203B8C9BCE,F855BD6D5C43DBCF1333701208259706
HTH9S9CGB3,HTH9S9CGB3.HillTop.Global,PrintINF Application,Unknown,PrintINFArm64.exe,C:\Program Files (x86)\Adobe\Acrobat DC\Acrobat\Xtras\AdobePDF,5ED430C150906C72432596C6E907BF0BC34EE0D6A77E6698C337FDB32EEF80FF,27F227E15A2A1D768659DFDF662FA8B9
HTH9S9CGB3,HTH9S9CGB3.HillTop.Global,Adobe Acrobat,Adobe Systems Incorporated,Acrobat.exe,C:\Program Files (x86)\Adobe\Acrobat DC\Acrobat,103DFABA4080F5C212A268C168333EC744B702DC30B7BA1DC3C0E25F4408D337,B9F679BB29CAC5DDA0A25C44A777BEFB
HTH9S9CGB3,HTH9S9CGB3.HillTop.Global,Adobe Acrobat,Adobe Systems Incorporated,AcrobatInfo.exe,C:\Program Files (x86)\Adobe\Acrobat DC\Acrobat,8A7C565655524CA72495816436B12037921B3CC977FC2ADEAEDEE04E0C77C70E,679240242CDD2E1FF4381B51CDEF0CBD
HTH9S9CGB3,HTH9S9CGB3.HillTop.Global,Adobe Acrobat,Adobe Systems Incorporated,acrobat_sl.exe,C:\Program Files (x86)\Adobe\Acrobat DC\Acrobat,DB8CE5E79B74C0A23809628957BA9B001F499A4B93277A70F34EFF11D885F006,4B8C87FCD35E7D4D82C510E4F00015EB
HTH9S9CGB3,HTH9S9CGB3.HillTop.Global,Adobe PDF Broker Process for Internet Explorer,Adobe Systems Incorporated,AcroBroker.exe,C:\Program Files (x86)\Adobe\Acrobat DC\Acrobat,3DB18A86A789A8C08C526AC013F206402849B93A00691468204D1E398E3383A9,72F0B4B0407D5706DF8819BC2F6886D3
HTH9S9CGB3,HTH9S9CGB3.HillTop.Global,Acrobat  Distiller for Windows,Adobe Systems Incorporated.,acrodist.exe,C:\Program Files (x86)\Adobe\Acrobat DC\Acrobat,3D8E8C10838EBD0F29F330B82898D0EE63236F698873816742F85293D2AD1593,E0EF34FFB09B21B4547001E59150AE3E
HTH9S9CGB3,HTH9S9CGB3.HillTop.Global,Adobe Acrobat Reader,Adobe Systems Incorporated,AcroRd32.exe,C:\Program Files (x86)\Adobe\Acrobat DC\Acrobat,E44844257CBAB569AC538B58274D249B626995B31088340FC6B9C643D094A267,BAEE840633570EA06B1B8465DC6E0C5D
HTH9S9CGB3,HTH9S9CGB3.HillTop.Global,Adobe Acrobat Share Target,Adobe Inc.,AcroShareTarget.exe,C:\Program Files (x86)\Adobe\Acrobat DC\Acrobat,CA4B315C70D9655AE8449D819B3CA4FB145F82EC58CEB8C2A6914025F79366E5,F430AAB6E48A5D9B841F1ED0B95B4406
HTH9S9CGB3,HTH9S9CGB3.HillTop.Global,Adobe Acrobat text extractor for non-PDF files,Adobe Systems Incorporated,AcroTextExtractor.exe,C:\Program Files (x86)\Adobe\Acrobat DC\Acrobat,48DC8A20DC06793EB0AAEE1EC89E42877893F564202E764123990D7DE319DCDD,BFE87940EAB28CAA5FBDC3F96559A30A
HTH9S9CGB3,HTH9S9CGB3.HillTop.Global,AcroTray - Adobe Acrobat Distiller helper application.,Adobe Systems Inc.,acrotray.exe,C:\Program Files (x86)\Adobe\Acrobat DC\Acrobat,A32776B78EFF550618DA07FDD2E27255C62523927E0425C9546F48A92696F416,6A9B84F09BF1DF88C0E9EFF732D4C0A7
HTH9S9CGB3,HTH9S9CGB3.HillTop.Global, ADelRCP Dynamic Link Library,Adobe Systems Inc.,ADelRCP.exe,C:\Program Files (x86)\Adobe\Acrobat DC\Acrobat,B3692D29BCFEDE867269A37B45110287ACDD0EEC8ACA39300FFFD0CAC339261D,76048EC1819156AE66C419BE0914EB52
HTH9S9CGB3,HTH9S9CGB3.HillTop.Global,Adobe Acrobat,Adobe,ADNotificationManager.exe,C:\Program Files (x86)\Adobe\Acrobat DC\Acrobat,AE741B93164130A9CCE2E9D4B17CB1A9DF13AD3106DC52C305786048D5EF3FFB,8B8B7D43FFD5FC47FA88AC1C107F597B
HTH9S9CGB3,HTH9S9CGB3.HillTop.Global,Adobe Crash Processor,Adobe Inc.,Adobe Crash Processor.exe,C:\Program Files (x86)\Adobe\Acrobat DC\Acrobat,5DB2DB60032114E8982EF56DB974DBA2D5BBA91938525332E2F2F006F9E82F3D,984CA781D2DC24F7597C1FA3D8F99FEC
HTH9S9CGB3,HTH9S9CGB3.HillTop.Global,Acrobat Collaboration Synchronizer 25.1,Adobe Systems Incorporated,AdobeCollabSync.exe,C:\Program Files (x86)\Adobe\Acrobat DC\Acrobat,3E96CB8272D75BBF73F33425897A16B9B5172A079C89A9346CBC4C2BC27E1177,6FC2805B511EF639392F33634BC37DB6
HTH9S9CGB3,HTH9S9CGB3.HillTop.Global,Adobe AIR ,Adobe Systems Inc.,arh.exe,C:\Program Files (x86)\Adobe\Acrobat DC\Acrobat,85012194A74546C1BDF1C921F58A541B12931D0B44993FDF516F51D800D4DD88,62763CE3356D1EADE149553AAB089674
HTH9S9CGB3,HTH9S9CGB3.HillTop.Global,CRLogTransport Application,Adobe Inc.,CRLogTransport.exe,C:\Program Files (x86)\Adobe\Acrobat DC\Acrobat,9AE049C1F620D743859C2EB85751AB7BC3B39EFCF3927D351252DAC167641883,849212C5252257730FE8C9F628A87E7F
HTH9S9CGB3,HTH9S9CGB3.HillTop.Global,Adobe Crash Reporter Service,Adobe Inc.,CRWindowsClientService.exe,C:\Program Files (x86)\Adobe\Acrobat DC\Acrobat,1B440EDE359473BAE7DCEBA126AA4B2C64225D2AE18E309583FEFDD3C500A668,5472621F03FFB256498950534B1B0EA3
HTH9S9CGB3,HTH9S9CGB3.HillTop.Global,FullTrustNotifier,Unknown,FullTrustNotifier.exe,C:\Program Files (x86)\Adobe\Acrobat DC\Acrobat,79F2749D62DA14EDD4B797D0AF539E996841C237795932C299B847BB7D2CD159,5236A3CD1FC50EA204F57C9F66787DC6
HTH9S9CGB3,HTH9S9CGB3.HillTop.Global, LogTransport Application,Adobe Systems Incorporated,LogTransport2.exe,C:\Program Files (x86)\Adobe\Acrobat DC\Acrobat,7398FC374D7120DDC629C219492B53E23095B5EC160647C777508B062960557A,B310362794EB4F77F812FC31E07BD18E
HTH9S9CGB3,HTH9S9CGB3.HillTop.Global,ShowAppPickerForPDF,Unknown,ShowAppPickerForPDF.exe,C:\Program Files (x86)\Adobe\Acrobat DC\Acrobat,409D9A16D97A56BC219796BA688D07F17DBCA8965FF0EBEB46DAC453577933CC,065D63EA0128952BA4BF5A7058CCBE3C
HTH9S9CGB3,HTH9S9CGB3.HillTop.Global,Adobe Reader WOW Helper,Adobe Systems Inc,wow_helper.exe,C:\Program Files (x86)\Adobe\Acrobat DC\Acrobat,CBE4174A0DA83AE7171592781C3CCAA1B2F7C0CF3CC920FA46CBA407C2CCE4A8,09A97D944066193A01434553E4770F29
HTH9S9CGB3,HTH9S9CGB3.HillTop.Global,Adobe Acrobat Elements,Adobe Systems Inc.,Acrobat Elements.exe,C:\Program Files (x86)\Adobe\Acrobat DC\Acrobat Elements,942F08FFBE772371D020E924CB4827DD4B0AD1FFEC7E848F451E9F998752148B,A3EDD07B82CC9681EA0B608FFCDB8972
HTH9S9CGB3,HTH9S9CGB3.HillTop.Global,HTML2PDFWrapFor64Bit Module,Adobe Systems Incorporated,HTML2PDFWrapFor64Bit.exe,C:\Program Files (x86)\Adobe\Acrobat DC\PDFMaker\Office,12F281CF1582A778CAA4896ED0387A390AA28C0BFD62D5C55183BA093394FA94,9B64E20741EBFA487268095614E9B3AD
HTH9S9CGB3,HTH9S9CGB3.HillTop.Global,Bootstrapper Small,Adobe Systems Incorporated,Setup.exe,C:\Program Files (x86)\Adobe\Acrobat DC\Setup Files\{AC76BA86-1033-FFFF-7760-0C0F074E4100},4B76C0EA832D58966F824CFEDB9A3831B1C286B13CC22D56E29DAD7966847184,446366CA32877E2290D0BD8F22E11809
HTH9S9CGB3,HTH9S9CGB3.HillTop.Global,MSI 3.1,Microsoft Corporation,WindowsInstaller-KB893803-v2-x86.exe,C:\Program Files (x86)\Adobe\Acrobat DC\Setup Files\{AC76BA86-1033-FFFF-7760-0C0F074E4100},69B61B2C00323CEA3686315617D0F452E205DAE10C47E02CBE1EA96FEA38F582,342F79337765760AD4E392EB67D5ED2C
HTH9S9CGB3,HTH9S9CGB3.HillTop.Global,Cisco Secure Client,Cisco Systems Inc.,vpndownloader.exe,C:\Program Files (x86)\Cisco\Cisco AnyConnect Secure Mobility Client,069D40D20A0CDAD7192E21307F01FCD3C5C83B24E57DCDF0C10997FD6CA7E974,D3ADC554488921B4D61366237F081DA1
HTH9S9CGB3,HTH9S9CGB3.HillTop.Global,Cisco Secure Client,Cisco Systems Inc.,wineventlog.exe,C:\Program Files (x86)\Cisco\Cisco Secure Client\DART\plugin,5B3431A1E2550F2E9EDB1DEE51EA2D58D592397F447E1443C794A2943E6A4DBA,19D9EA758143E0BFFD741601C56F61B8
HTH9S9CGB3,HTH9S9CGB3.HillTop.Global,CollectRegistries,Unknown,CollectRegistries.bat,C:\Program Files (x86)\Cisco\Cisco Secure Client\DART,DB4889D116827308C26E9520C8443A1A266FBCB47CEB7BB021D827523CC0EF5F,08837785C1695DF3250F4D5CDFFC3E29
HTH9S9CGB3,HTH9S9CGB3.HillTop.Global,Cisco Secure Client,Cisco Systems Inc.,dartcli.exe,C:\Program Files (x86)\Cisco\Cisco Secure Client\DART,7F291D72EDBF164BBB1B9FD7D064C22257EEE5E14D76C3D8355024ADF6675806,5A133F124BAAE1ABCFDB535FCA344FF8
HTH9S9CGB3,HTH9S9CGB3.HillTop.Global,Cisco Secure Client,Cisco Systems Inc.,DartOffline.exe,C:\Program Files (x86)\Cisco\Cisco Secure Client\DART,43E88928A74C3EC58F7488A6FCA4B0C096121A6FD4D82C70037A77604ADCDFA3,B37A7D1EB03DA97030FEF36D74EC5A8A
HTH9S9CGB3,HTH9S9CGB3.HillTop.Global,Cisco Secure Client,Cisco Systems Inc.,secure-client-install-state.exe,C:\Program Files (x86)\Cisco\Cisco Secure Client\DART,013E872B3B4001785B6988A6A80D0D0537472893B59A3F41BF104F4CB184B2FB,A4598DD43CF52FBED4331E9B38AA9B7D
HTH9S9CGB3,HTH9S9CGB3.HillTop.Global,CheckStatus,Unknown,CheckStatus.bat,C:\Program Files (x86)\Cisco\Cisco Secure Client\Third Party\Npcap,102EFB3C86BCD94BF10DECA9E787BA3C1BB2075279317413A85B785FB519C789,CA8A429838083C351839C258679BC264
HTH9S9CGB3,HTH9S9CGB3.HillTop.Global,DiagReport,Unknown,DiagReport.bat,C:\Program Files (x86)\Cisco\Cisco Secure Client\Third Party\Npcap,0843361F05255E3970ED955171C20003238756C57137FEF9AC19D29FBD49F9F6,B82606A6AFB3777D62E35E8D9850FAED
HTH9S9CGB3,HTH9S9CGB3.HillTop.Global,FixInstall,Unknown,FixInstall.bat,C:\Program Files (x86)\Cisco\Cisco Secure Client\Third Party\Npcap,C6158E40BDFD88E892EE6C4DA3A16A037EDF2CC77DC008CBD8FBEB44C643DDDA,3DCB581D39D9349A906368B77A4CEDFA
HTH9S9CGB3,HTH9S9CGB3.HillTop.Global,Npcap,Insecure.Com LLC.,NPFInstall.exe,C:\Program Files (x86)\Cisco\Cisco Secure Client\Third Party\Npcap,5D54A5E7230BAF2B80689EE49D263612A6011BC46EC52843E7B4297E9656D32D,C01BEB6C3526554EC9DFAD40502317F2
HTH9S9CGB3,HTH9S9CGB3.HillTop.Global,Npcap,Unknown,Uninstall.exe,C:\Program Files (x86)\Cisco\Cisco Secure Client\Third Party\Npcap,685800E60444558FF66AFF832CA72311281935B9972DEF7485D97A236C04E0BA,182AFDB82027F2D3CF246FF586DDFF9D
HTH9S9CGB3,HTH9S9CGB3.HillTop.Global,Npcap OEM,Unknown,npcap-1.79-oem.exe,C:\Program Files (x86)\Cisco\Cisco Secure Client\Third Party,B296459684A473F89E365805D104ADF7C65EDD2817E82C0307B7F87BE49AA3DA,6E0BCDE4116A0CE1A4DDDCEC3B71E63A
HTH9S9CGB3,HTH9S9CGB3.HillTop.Global,Cisco Secure Client - ThousandEyes Endpoint Agent,Cisco Systems Inc.,crashpad_handler.exe,C:\Program Files (x86)\Cisco\Cisco Secure Client\ThousandEyes Endpoint Agent,DEEAC8845459033EF1886BB5D4E30D571706439CB80C6BE6F7EF7DFFC9C23439,662AF8E29789492D9A042AE1378D8774
HTH9S9CGB3,HTH9S9CGB3.HillTop.Global,Cisco Secure Client - ThousandEyes Endpoint Agent,Cisco Systems Inc.,csc_te_agent.exe,C:\Program Files (x86)\Cisco\Cisco Secure Client\ThousandEyes Endpoint Agent,19969667450A66A847B897D7E671696D8FDE3732A4F05413F40ABEEEF8B72E21,429A43C209192487E980EF9D66E0DC96
HTH9S9CGB3,HTH9S9CGB3.HillTop.Global,Cisco Secure Client - ThousandEyes Endpoint Agent,Cisco Systems Inc.,csc_te_chromehelper.exe,C:\Program Files (x86)\Cisco\Cisco Secure Client\ThousandEyes Endpoint Agent,1CFB2E5C0A076D080A7851D4C6E07EDD07C5CA3CE8D30A8EAC6123FD475A6B43,96F6602E564B42B811487003F27C7E7C
HTH9S9CGB3,HTH9S9CGB3.HillTop.Global,Cisco Secure Client - ThousandEyes Endpoint Agent,Cisco Systems Inc.,csc_te_diagnostics.exe,C:\Program Files (x86)\Cisco\Cisco Secure Client\ThousandEyes Endpoint Agent,0E2E8302868534ABFABBB7801F97AD7F00BB88FFDB70AF8A0116D6F5656DAFFC,FF2804A04C5D7321A6D5DD019CB98B88
HTH9S9CGB3,HTH9S9CGB3.HillTop.Global,Cisco Secure Client - ThousandEyes Endpoint Agent,Cisco Systems Inc.,csc_te_guardian.exe,C:\Program Files (x86)\Cisco\Cisco Secure Client\ThousandEyes Endpoint Agent,F47599547A651C31F933AF68503A6CF09632E0D0FEF59DA81A4ACCDCCA8F671E,9E29230BB855D3848F44BE60EA298142
HTH9S9CGB3,HTH9S9CGB3.HillTop.Global,Cisco Secure Client - ThousandEyes Endpoint Agent,Cisco Systems Inc.,csc_te_proxy.exe,C:\Program Files (x86)\Cisco\Cisco Secure Client\ThousandEyes Endpoint Agent,8C2A6208B421E6AEFE11D37CB1FE7DC12C1A28738E11F22EFB7EF03550444854,EE02006921D78EA0444575A30221BA8B
HTH9S9CGB3,HTH9S9CGB3.HillTop.Global,Cisco Secure Client - ThousandEyes Endpoint Agent,Cisco Systems Inc.,csc_te_updater.exe,C:\Program Files (x86)\Cisco\Cisco Secure Client\ThousandEyes Endpoint Agent,00B01DA387CA1C80F40032DAEDB6008B85C09CE5B3C600983D25F3107D2ECE9C,210374D831C94CFD415307D9DFB7F8A0
HTH9S9CGB3,HTH9S9CGB3.HillTop.Global,Cisco Secure Client - ThousandEyes Endpoint Agent,Cisco Systems Inc.,csc_te_user_agent.exe,C:\Program Files (x86)\Cisco\Cisco Secure Client\ThousandEyes Endpoint Agent,5C8E245163DF83C50141D79E4A5E42A8F9F0D06F2BBAE677D4DE5F537CB78B6A,EDED8A6A685F6613F3F2BB08E41EEE3F
HTH9S9CGB3,HTH9S9CGB3.HillTop.Global,Cisco Secure Client,Cisco Systems Inc.,csc_ui.exe,C:\Program Files (x86)\Cisco\Cisco Secure Client\UI\Setup\5.1.9.460,5AEE4C0CAEFF8727C225BD52F5A66B091499B21CC1CF70AAC3E9E86DA199AB06,C92754AECBFE20DDED83BA6B2883A8A5
HTH9S9CGB3,HTH9S9CGB3.HillTop.Global,Cisco Secure Client,Cisco Systems Inc.,csc_ui.exe,C:\Program Files (x86)\Cisco\Cisco Secure Client\UI,5AEE4C0CAEFF8727C225BD52F5A66B091499B21CC1CF70AAC3E9E86DA199AB06,C92754AECBFE20DDED83BA6B2883A8A5
HTH9S9CGB3,HTH9S9CGB3.HillTop.Global,Cisco Secure Client,Cisco Systems Inc.,csc_zta_agent.exe,C:\Program Files (x86)\Cisco\Cisco Secure Client\ZTA,7572BE2C13329726EE0EEBAEEED1103877B4B605B89097E9A9C21D87EB62DC0E,1BF0C749CF414234849A336CDF2B96C7
HTH9S9CGB3,HTH9S9CGB3.HillTop.Global,Cisco Secure Client,Cisco Systems Inc.,acextwebhelper.exe,C:\Program Files (x86)\Cisco\Cisco Secure Client,4815897966C54ADF9AB6D65C78E185A31C68472F0661CDB6150F1854FAC1E065,F0C1A18DA9E44B3551D3B9E2C95E48FC
HTH9S9CGB3,HTH9S9CGB3.HillTop.Global,Cisco Secure Client,Cisco Systems Inc.,acsocktool.exe,C:\Program Files (x86)\Cisco\Cisco Secure Client,152E2788FF852881F0D4BCCE06530456A9DCAD23559C94010B88916AE0CF3A9C,00BD0857BB0217A81CC9B51419B6C0AF
HTH9S9CGB3,HTH9S9CGB3.HillTop.Global,Cisco Secure Client,Cisco Systems Inc.,acumbrellaagent.exe,C:\Program Files (x86)\Cisco\Cisco Secure Client,73CA025DED7D52051C03F43AF73E2A897509BFC3220C7923F872246BB5A7D479,F47B93BD49E55505BBD5200CB2ED50DE
HTH9S9CGB3,HTH9S9CGB3.HillTop.Global,Cisco Secure Client,Cisco Systems Inc.,acwebhelper.exe,C:\Program Files (x86)\Cisco\Cisco Secure Client,09C59AE4F6D77016D803A55B7BABFE3D1938477E919587015851049F91A65A39,F36FEA273EEA6FD17890DDEF970FFE49
HTH9S9CGB3,HTH9S9CGB3.HillTop.Global,Cisco Secure Client SWG Module,Cisco Systems Inc.,csc_swgagent.exe,C:\Program Files (x86)\Cisco\Cisco Secure Client,A68D542BE1B8D114624D477263EB6404F1D3C5F3B336D4EDB39F8E5C25F09469,BF4BB9F18132D2DEAB714A794107609E
HTH9S9CGB3,HTH9S9CGB3.HillTop.Global,Cisco DNS Proxy,Cisco Systems Inc.,dnscrypt-proxy.exe,C:\Program Files (x86)\Cisco\Cisco Secure Client,68C674EE0B4C9044E96C773E1859DD673C1D9BF0422581A3FCA6E87B4CC3D88D,D826CF666B3EDC40D612E2518D61E557
HTH9S9CGB3,HTH9S9CGB3.HillTop.Global,Umbrella Roaming Client,Cisco Systems Inc.,dnscryptproxy.exe,C:\Program Files (x86)\Cisco\Cisco Secure Client,521D24381B27C5CFCA76201E27434D4B9A9868FD9179562F3F386D0763883BF7,A4492FA4D2A057D27645BA2444B6EC9C
HTH9S9CGB3,HTH9S9CGB3.HillTop.Global,Cisco Secure Client,Cisco Systems Inc.,ProxyCon.exe,C:\Program Files (x86)\Cisco\Cisco Secure Client,E3FDE2C44CAB5C73F3BCF61539C069B210BAF4B6D4376FA2379E0F0B73C19261,8F0E8A309A07DDE0993B9224FE423571
HTH9S9CGB3,HTH9S9CGB3.HillTop.Global,Cisco AnyConnect Secure Mobility Client,Cisco Systems Inc.,UmbrellaDiagnostic.exe,C:\Program Files (x86)\Cisco\Cisco Secure Client,D6890F90DBE7BAAE5B708DEBFA02B7BE73102FF328F551A3B713D334B614DD26,DBF94E8F332340044BE41F7D26938656
HTH9S9CGB3,HTH9S9CGB3.HillTop.Global,Cisco Secure Client,Cisco Systems Inc.,VACon64.exe,C:\Program Files (x86)\Cisco\Cisco Secure Client,1E1672518B9145D3FE16480F30DC6F26E7DDEAE6F684609721EC025B85672270,6ACE3AF4C5A8976EDF5216FB24755110
HTH9S9CGB3,HTH9S9CGB3.HillTop.Global,Cisco Secure Client,Cisco Systems Inc.,vpnagent.exe,C:\Program Files (x86)\Cisco\Cisco Secure Client,F96C9522A88BBC4D5942FC829D0C4EE07C16C6BEF45A64B04D3363D8434E58DB,0542132FC64BB183388F35E36E0E1E79
HTH9S9CGB3,HTH9S9CGB3.HillTop.Global,Cisco Secure Client,Cisco Systems Inc.,vpncli.exe,C:\Program Files (x86)\Cisco\Cisco Secure Client,3782803ACBFB5EAA1A7491F9278D7275571BB47C14FE5B175E87179791B48C62,B5CB450E5DDD797CBBA7C05A46A436E5
HTH9S9CGB3,HTH9S9CGB3.HillTop.Global,Cisco Secure Client,Cisco Systems Inc.,vpndownloader.exe,C:\Program Files (x86)\Cisco\Cisco Secure Client,069D40D20A0CDAD7192E21307F01FCD3C5C83B24E57DCDF0C10997FD6CA7E974,D3ADC554488921B4D61366237F081DA1
HTH9S9CGB3,HTH9S9CGB3.HillTop.Global,Cisco Secure Client,Cisco Systems Inc.,vpnmgmttun.exe,C:\Program Files (x86)\Cisco\Cisco Secure Client,CCDED8848E6B9AF79AADC1A97E625C78D2850EA71CAA8F028C35A1F1EDEB40B4,1C29834040AFFC5796BF06D21C1709BB
HTH9S9CGB3,HTH9S9CGB3.HillTop.Global,Cisco WebEx Meeting,Cisco WebEx LLC,CiscoWebExStart.exe,C:\Program Files (x86)\Cisco Systems\Cisco Jabber\MeetingSDK,7795DC46CDA97D2329D9C6C8F522EF673B8AC9245BE1001D5F77C168E6FD9006,E0E985B8F82908AE77D2F0C810B73D35
HTH9S9CGB3,HTH9S9CGB3.HillTop.Global,ladon_processor,Unknown,ladon_processor.exe,C:\Program Files (x86)\Cisco Systems\Cisco Jabber\vbg_process\x64\ladon,2925A093E0716F8C6959263771020750A5937EBE2C5EB011ACB1BF66FD92EF33,CEF4B58716CB6C9F83D59EEC3DCD7A50
HTH9S9CGB3,HTH9S9CGB3.HillTop.Global,ProcessDump,Unknown,ProcessDump.exe,C:\Program Files (x86)\Cisco Systems\Cisco Jabber\x64,7CB3CE0EE61F4C3F4D80C794D7A42A712D7F0C9F29DEC3C0E372683A54B27B70,DB4B2202CBBEE180BB2EE4B5DAA39388
HTH9S9CGB3,HTH9S9CGB3.HillTop.Global,wbxcOIEx64,WebEx,wbxcOIEx64.exe,C:\Program Files (x86)\Cisco Systems\Cisco Jabber\x64,5DA6F75219053A90194F4C8A29C9B1A152274F94B178EFD658752D1CF2D13C12,078608F6BB502AB7AD549BE5FC176D62
HTH9S9CGB3,HTH9S9CGB3.HillTop.Global,Cisco Jabber Application,Cisco Systems Inc,CiscoJabber.exe,C:\Program Files (x86)\Cisco Systems\Cisco Jabber,33ECFDCB98F1DEA4E5F7D77D3DED13D334E0879A903069BC36A80CDD37D2A4DC,CD77A196AD3D4A6FFAA55840D4F64553
HTH9S9CGB3,HTH9S9CGB3.HillTop.Global,Cisco Jabber Application,Cisco Systems Inc,CiscoJabberHeadset.exe,C:\Program Files (x86)\Cisco Systems\Cisco Jabber,CB6706B56A325D15C8188E311A003B97DCE7FCF853484759EF99F9EC40BC6174,40EA05275474A4D3CAA83A5362A82099
HTH9S9CGB3,HTH9S9CGB3.HillTop.Global,Cisco Jabber,Cisco Systems Inc,CiscoJabberPrt.exe,C:\Program Files (x86)\Cisco Systems\Cisco Jabber,D4A39848CD40A3A1AD7324CF889CFB5A52F78AB5D104B86C529DADB14F9C4A79,B88CA6A19273AD2BAB08A4333EB5F29D
HTH9S9CGB3,HTH9S9CGB3.HillTop.Global,Cisco Jabber,Cisco Systems Inc,CiscoJabberPrtC.exe,C:\Program Files (x86)\Cisco Systems\Cisco Jabber,28D7B73D0E4A504B7C6C450FF9639889228621E13CFDA56E34C34039AA8393C1,5965B4B35419E15062570290C2DC5166
HTH9S9CGB3,HTH9S9CGB3.HillTop.Global,CiscoJabberPrtDecrypter,Unknown,CiscoJabberPrtDecrypter.exe,C:\Program Files (x86)\Cisco Systems\Cisco Jabber,E92C2A4E8EE2C19564CE757A90A6AB98E68DE51E781F6CCF55CA522550C53922,25FC5E9AE1A649DEA87BBF8EE492D68D
HTH9S9CGB3,HTH9S9CGB3.HillTop.Global,wbxcOIEx,WebEx,wbxcOIEx.exe,C:\Program Files (x86)\Cisco Systems\Cisco Jabber,40292A41A4769FE594FD9313386E9C15B9F4F643DF11CB74BB3C87E3F8E3D9E0,442951C1B422E6DEDFB8BD222916E318
HTH9S9CGB3,HTH9S9CGB3.HillTop.Global,Bootstrapper Application,Adobe Systems Incorporated,Set-up.exe,C:\Program Files (x86)\Common Files\Adobe\AdobeApplicationManager\AAMSetup,BCB26A22A74F6AE496ACC20C5A1AFA35B4AAD9A033B002E3A07A7A236B37DD64,CE55C92FA04827F95361E1344E2CFD95
HTH9S9CGB3,HTH9S9CGB3.HillTop.Global,AdobeGCClient,Adobe Systems Incorporated,Adobe Genuine Launcher.exe,C:\Program Files (x86)\Common Files\Adobe\AdobeGCClient,AF4869355790784B47CF5D8D4AA668C9ADB780BC2E7109CCDB4A3869B9F634DE,9D71A3B7952B6D77D25A1FFC23C7CCAA
HTH9S9CGB3,HTH9S9CGB3.HillTop.Global,Adobe Genuine Service Uninstaller,Adobe Systems Incorporated,AdobeCleanUpUtility.exe,C:\Program Files (x86)\Common Files\Adobe\AdobeGCClient,4CA1B617D85274C2EC2588DA14A0093E0FB2DC08CA2DAE2BB7CD0AFFF44AEA1B,FC411FDFC96BEB1AB437E4EA862F0E51
HTH9S9CGB3,HTH9S9CGB3.HillTop.Global,Adobe Genuine Software Client,Adobe Systems Incorporated,AdobeGCClient.exe,C:\Program Files (x86)\Common Files\Adobe\AdobeGCClient,CD51A6934A8FAA74C45967FCE7E537B26803B3A3A58D6F119EA364348D2A381D,39ED9577F2F21F0BE774CBE6972C845B
HTH9S9CGB3,HTH9S9CGB3.HillTop.Global,GC Invoker Utility,Adobe Systems Incorporated,AGCInvokerUtility.exe,C:\Program Files (x86)\Common Files\Adobe\AdobeGCClient,58223D6C24D4F8C80B4997B79A93BABB1271FBFD770C9F864C6F5CF5D5E1A01F,2612B3F79E5D004B1BD948D82FEDCB8E
HTH9S9CGB3,HTH9S9CGB3.HillTop.Global,Adobe Genuine Software Monitor Service,Adobe Systems Incorporated,AGMService.exe,C:\Program Files (x86)\Common Files\Adobe\AdobeGCClient,D3C2D3D4EF55AE17258F44DC70C1F8767B1AB589DD539C5727ABDBF633159F55,F066E7BD075EF4CD6120B33F8781DD6B
HTH9S9CGB3,HTH9S9CGB3.HillTop.Global,AGS Helper,Adobe Systems Incorporated,agshelper.exe,C:\Program Files (x86)\Common Files\Adobe\AdobeGCClient,0C456C299BBCE6447BCC8C824D7030224849C8C9C80F310B7A37A8C53C8725B3,70D09D0A26A226523F03FC6170689FA7
HTH9S9CGB3,HTH9S9CGB3.HillTop.Global,Adobe Genuine Software Integrity Service,Adobe Systems Incorporated,AGSService.exe,C:\Program Files (x86)\Common Files\Adobe\AdobeGCClient,582891D2E803243BD0132109EF44F47C3282619E0798471360240BF782461FCB,3E47C33D70DC725FE85E61098907F08B
HTH9S9CGB3,HTH9S9CGB3.HillTop.Global,HD Helper,Adobe Systems Incorporated,HDHelper.exe,C:\Program Files (x86)\Common Files\Adobe\AdobeGCClient,4E9B1001936259634F4E8B0340DB8008E104C9828099E9E1476A958E87DCAE43,97E019AFDF5B52EE98D4E32A6813F407
HTH9S9CGB3,HTH9S9CGB3.HillTop.Global,Adobe Reader and Acrobat Manager,Adobe Inc.,AdobeARM_UCB.exe,C:\Program Files (x86)\Common Files\Adobe\ARM\1.0\UCB,1665A13FBC44A6CBE1391A17C9330DD82BCC3709CB9A2A7AB0FC1E5BD30E5950,FE6599B782DDED610F28138EBF40612E
HTH9S9CGB3,HTH9S9CGB3.HillTop.Global,Adobe Reader and Acrobat Manager,Adobe Inc.,AdobeARM.exe,C:\Program Files (x86)\Common Files\Adobe\ARM\1.0,1665A13FBC44A6CBE1391A17C9330DD82BCC3709CB9A2A7AB0FC1E5BD30E5950,FE6599B782DDED610F28138EBF40612E
HTH9S9CGB3,HTH9S9CGB3.HillTop.Global,Adobe Reader and Acrobat Manager Helper,Adobe Inc.,AdobeARMHelper.exe,C:\Program Files (x86)\Common Files\Adobe\ARM\1.0,5FB915BEF598A546E5E12C0F2F0A6A1640FF971EEAD568F6013F67BD19E568F6,B87F50585581989E952E7F907D934A87
HTH9S9CGB3,HTH9S9CGB3.HillTop.Global,Acrobat Update Service,Adobe Inc.,armsvc.exe,C:\Program Files (x86)\Common Files\Adobe\ARM\1.0,E730922F614E4DFFE70D229EC118CD3052A31E9CA4DAB274A1A15DF1CBFA5674,798CD6D62CA995EB320059595EFD0B03
HTH9S9CGB3,HTH9S9CGB3.HillTop.Global,GC Custom Hook,Adobe Systems Incorporated,gccustomhook.exe,C:\Program Files (x86)\Common Files\Adobe\OOBE\PDApp\AdobeGCClient\customhook,47692C30FE570A4685FA302972595CE2E5F35764D9CB15110DB1DD88DA16DAC4,1EBADF4D5859A51B882209394F3412D7
HTH9S9CGB3,HTH9S9CGB3.HillTop.Global,Adobe Genuine Software Integrity Service,Adobe Systems Incorporated,AGSService.exe,C:\Program Files (x86)\Common Files\Adobe\OOBE\PDApp\AdobeGCClient,007B142A02B3676F320F9BBB92AAAE1589938FD19D20701655114CE84588526B,C20CA26CDE768CA950C622B866292FC2
HTH9S9CGB3,HTH9S9CGB3.HillTop.Global,Adobe Application Manager,Adobe Systems Incorporated,AAMCustomHook.exe,C:\Program Files (x86)\Common Files\Adobe\OOBE\PDApp\core,1BA3075D0AF3691B590BD7049758288D694C0CD81D51997415DFE3EDF8431BD8,98F33AE82C3B281B64F31225052F1942
HTH9S9CGB3,HTH9S9CGB3.HillTop.Global,Adobe AAM Launcher Utility,Adobe Systems Incorporated,AAMLauncherUtil.exe,C:\Program Files (x86)\Common Files\Adobe\OOBE\PDApp\core,13AE5B1AA996DE2B2B65B51241BB57B047A507E0A7BD000C8D8EDBB3F3D8791C,0BE03125ED3DAA1FE356FF2347C4B891
HTH9S9CGB3,HTH9S9CGB3.HillTop.Global,Adobe Application Manager,Adobe Systems Incorporated,PDapp.exe,C:\Program Files (x86)\Common Files\Adobe\OOBE\PDApp\core,7E5F8C916E7359DD8A9CD4E476803CF0D89496668879AA34731A38C7AD13A45E,8C91EACFF0F53860ECFC5FD67168927B
HTH9S9CGB3,HTH9S9CGB3.HillTop.Global,Adobe Setup,Adobe Systems Incorporated,Setup.exe,C:\Program Files (x86)\Common Files\Adobe\OOBE\PDApp\D6,022C25E65E4EF389F1ED44D7B30CCAF55B5015426FD65DFF2BA556B2BE39A45C,01E705C896A7EA79F88D4480BDB6DDD0
HTH9S9CGB3,HTH9S9CGB3.HillTop.Global,TokenGenerator64.exe,Adobe Systems Incorporated,TokenGenerator64.exe,C:\Program Files (x86)\Common Files\Adobe\OOBE\PDApp\D6,F91D0AD762C5B2CF8BC509267E2863F169044FE34F2FF73E7A5F7DC414925525,AD2AD3A1E396056F559A68ED17808EBA
HTH9S9CGB3,HTH9S9CGB3.HillTop.Global,Adobe Setup,Adobe Systems Incorporated,Adobe_Helperx32.exe,C:\Program Files (x86)\Common Files\Adobe\OOBE\PDApp\DECore\DE5\resources\libraries,F8C61D3BA572A17C0FCF860778A2728A134E1A0500AE565A33B70750175AE504,6EAFA76D2C2D655977D5EC29E0528E1F
HTH9S9CGB3,HTH9S9CGB3.HillTop.Global,Adobe Setup,Adobe Systems Incorporated,Adobe_Helperx64.exe,C:\Program Files (x86)\Common Files\Adobe\OOBE\PDApp\DECore\DE5\resources\libraries,8444AF8A200749FBB998511999C44573ACFBA88D694478EA2C77A1FD92CE01DC,17DDD6077F6AF58B285A4EEECE917A2C
HTH9S9CGB3,HTH9S9CGB3.HillTop.Global,Adobe Setup,Adobe Systems Incorporated,CustomHook_Helperx64.exe,C:\Program Files (x86)\Common Files\Adobe\OOBE\PDApp\DECore\DE5\resources\libraries,7F85F3F610D7AC82C4C28AE7C347B917D9CFC1A99749D1F4BAFBB5D5AB124169,91631B3688BA2C3AE2E13CFA0FEC45C4
HTH9S9CGB3,HTH9S9CGB3.HillTop.Global,Adobe Setup,Adobe Systems Incorporated,TokenResolverx64.exe,C:\Program Files (x86)\Common Files\Adobe\OOBE\PDApp\DECore\DE5\resources\libraries,4B3D7183594FD71A0100C2B471D22FFBC98FE819CB2EF3B6B2E66C38A0365FB1,84AB620F19770A7186CF58CE34F05959
HTH9S9CGB3,HTH9S9CGB3.HillTop.Global,Adobe Setup,Adobe Systems Incorporated,Adobe_Helperx32.exe,C:\Program Files (x86)\Common Files\Adobe\OOBE\PDApp\DECore\DE6\resources\libraries,3F6BA0BE13A32C84C56B4B06B170B2FE85452260CCA55B469F264E4300974357,58017ECA23AEAC6D267BECA9CD614409
HTH9S9CGB3,HTH9S9CGB3.HillTop.Global,Adobe Setup,Adobe Systems Incorporated,Adobe_Helperx64.exe,C:\Program Files (x86)\Common Files\Adobe\OOBE\PDApp\DECore\DE6\resources\libraries,5A5B58D7C8EED5078610D24990013E33ACA0FDC3B4046F02EBF8DD5196C23CE6,83AAA828284E15CC68ED88805C2C626A
HTH9S9CGB3,HTH9S9CGB3.HillTop.Global,Adobe Setup,Adobe Systems Incorporated,CustomHook_Helperx64.exe,C:\Program Files (x86)\Common Files\Adobe\OOBE\PDApp\DECore\DE6\resources\libraries,5A87E4C092CCAEA690407773173301F84EE872928B09707E46EF0BDED71EE2C4,DFFAE983D08558E67BBE7DA66247C872
HTH9S9CGB3,HTH9S9CGB3.HillTop.Global,Adobe Setup,Adobe Systems Incorporated,TokenResolverx64.exe,C:\Program Files (x86)\Common Files\Adobe\OOBE\PDApp\DECore\DE6\resources\libraries,1EF166BFECFEA63241CD3EA4FAF5A2B816285E4458F41C0297453D95B06BE352,6E89526E1B453F28AAB7E907A53E275A
HTH9S9CGB3,HTH9S9CGB3.HillTop.Global,Adobe Setup,Adobe Systems Incorporated,PlatformUtil.exe,C:\Program Files (x86)\Common Files\Adobe\OOBE\PDApp\DECore,22D449EBA148F2A637CF43DB9E66CC19D933F987DA50B47EE908C7304DEF744F,52C9BAE1AB4817478DD88C1F7EF0C02C
HTH9S9CGB3,HTH9S9CGB3.HillTop.Global,Adobe Setup,Adobe Systems Incorporated,Setup.exe,C:\Program Files (x86)\Common Files\Adobe\OOBE\PDApp\DECore,A6877299D9065D2B50C6F791A0A6CD1D0AB10BC9672566F9211303A0C4686029,442A222C3BE6A4976BDA0B0A04A5ABD0
HTH9S9CGB3,HTH9S9CGB3.HillTop.Global,Adobe Setup,Adobe Systems Incorporated,Setup.exe,C:\Program Files (x86)\Common Files\Adobe\OOBE\PDApp\DWA,528DCEA2B62E96B112FB5825B651BBA5DE65D9455FBC40DABD2E94B900BC7297,4C2E4B210A8DE1999922C1D2D0BEB93A
HTH9S9CGB3,HTH9S9CGB3.HillTop.Global,TokenGenerator64.exe,Adobe Systems Incorporated,TokenGenerator64.exe,C:\Program Files (x86)\Common Files\Adobe\OOBE\PDApp\DWA,2BFACA52EEB0A84E268E367321A536570CF5C0CB114E2362FE77CEB044C0A01C,716633BFB1E36D136865CC9CF2F71577
HTH9S9CGB3,HTH9S9CGB3.HillTop.Global,Adobe IPC Broker Custom Hook,Adobe Systems Incorporated,AdobeIPCBrokerCustomHook.exe,C:\Program Files (x86)\Common Files\Adobe\OOBE\PDApp\IPC\customhook,B94C2B46E791C14C596F312E56BF9A684960EB542976F5E9254AB9E41E6C6E33,070AA7B5F2E2180330D927F040F5F93B
HTH9S9CGB3,HTH9S9CGB3.HillTop.Global,Adobe IPC Broker,Adobe Systems Incorporated,AdobeIPCBroker.exe,C:\Program Files (x86)\Common Files\Adobe\OOBE\PDApp\IPC,4659141B6C6722C4F9C1D479525F66481508397158C2C8D576668AC145E5E85C,F0C7401DA2771989BAC423F74CC696BF
HTH9S9CGB3,HTH9S9CGB3.HillTop.Global,AAM Registration Notifier Application,Adobe Systems Incorporated,AAM Registration Notifier.exe,C:\Program Files (x86)\Common Files\Adobe\OOBE\PDApp\LWA,3A437A7401C9085CC77BD715282C862645CC4C28CE1B9AC282E3107145DAE53A,28F9D71A30C9F9B9965F7EEE064EAC07
HTH9S9CGB3,HTH9S9CGB3.HillTop.Global,Adobe License Utility,Adobe Systems Incorporated,adobe_licutil.exe,C:\Program Files (x86)\Common Files\Adobe\OOBE\PDApp\LWA,9D1EE8EAF019AE6B6F83548F6015DB7FC44448772E77F015AC753B420990A7B3,81BFE542A8A2762229FBC08CACCF6391
HTH9S9CGB3,HTH9S9CGB3.HillTop.Global,AAM Registration Notifier Application,Adobe Systems Incorporated,AAM Registration Notifier.exe,C:\Program Files (x86)\Common Files\Adobe\OOBE\PDApp\P6,C71A59838193F320479B1D9974E1602D21D61D2036DC7DB9CE1ED483FFAE8BB7,D35AA836480E8EF7F68068668A3C9212
HTH9S9CGB3,HTH9S9CGB3.HillTop.Global,Adobe License Utility,Adobe Systems Incorporated,adobe_licutil.exe,C:\Program Files (x86)\Common Files\Adobe\OOBE\PDApp\P6,82B2764786CB17FCB20C7DF7E80AB7FC1175BDAE79587BE3134E4A56F0859000,1408032BB5925B0294396D56DE544170
HTH9S9CGB3,HTH9S9CGB3.HillTop.Global,Adobe Account SignIn,Adobe Inc.,AASIapp.exe,C:\Program Files (x86)\Common Files\Adobe\OOBE\PDApp\P7,F2D0BFF02235F387D95C8B9E857D7F318A705C2A004243D190DDE82029F15F17,030D5E286C9668E71DA8CCFCFA8A7137
HTH9S9CGB3,HTH9S9CGB3.HillTop.Global,Adobe License Bridge,Adobe Systems Incorporated,adobe_licensing_helper.exe,C:\Program Files (x86)\Common Files\Adobe\OOBE\PDApp\P7,01C20D7F8FD102F1C0558BC5E6F7F013F41E35F471A41059C658F4DA2476B396,55220FD290948E7F9FF87C3F6E492E0A
HTH9S9CGB3,HTH9S9CGB3.HillTop.Global,Adobe License Utility Helper,Adobe Systems Incorporated,adobe_lichelper.exe,C:\Program Files (x86)\Common Files\Adobe\OOBE\PDApp\P7,91B930E25E47998900FE90247559FC104B0FEB47E499BDF8F70B729CD23D2669,6D6033517D34C7AB360DD2F522D6171E
HTH9S9CGB3,HTH9S9CGB3.HillTop.Global,Adobe License Utility,Adobe Systems Incorporated,adobe_licutil.exe,C:\Program Files (x86)\Common Files\Adobe\OOBE\PDApp\P7,CE87D7A20AA9315F3888AB4572383B3E433CE6E5188403E8975A00397D9AB394,D92C24BEFC32C049DA7E71F87FFFA14C
HTH9S9CGB3,HTH9S9CGB3.HillTop.Global,AAM Updates Notifier Application,Adobe Systems Incorporated,AAM Updates Notifier.exe,C:\Program Files (x86)\Common Files\Adobe\OOBE\PDApp\UWA,80FB93C79767347DA80336C6DC3C37B7B1ABDC1CE038390157AE8733AA276064,1694363DF81C91D5FE85EF5CD9603F61
HTH9S9CGB3,HTH9S9CGB3.HillTop.Global,Adobe Updater AAM Launcher,Adobe Systems Incorporated,AAMLauncher.exe,C:\Program Files (x86)\Common Files\Adobe\OOBE\PDApp\UWA,B3E315EED4B6E4B62B2D5C0CE765A45907D9BD2D3FBDA4620055D56BA92F9B73,640D2BA6088B0E49048D51A08D6E9A47
HTH9S9CGB3,HTH9S9CGB3.HillTop.Global,Adobe Application Manager (Update Installer Sub System),Adobe Systems Incorporated,Adobe Application Manager (Updater).exe,C:\Program Files (x86)\Common Files\Adobe\OOBE\PDApp\UWA,F9B00AF8E1FE5B7FE1562A8D26EFFB44B88EA904660F987172A08882A1D3FFE6,BE7690FC88138D5F1D504AFBEF7E49A9
HTH9S9CGB3,HTH9S9CGB3.HillTop.Global, LogTransport Application,Adobe Systems Incorporated,LogTransport2.exe,C:\Program Files (x86)\Common Files\Adobe\OOBE\PDApp\UWA,71DCFABC89227F4C3D7C4447F445D38C86C58BED21C05E02B121061C7E02CB85,901B81C0F055D4ED5DF9967EFC82262E
HTH9S9CGB3,HTH9S9CGB3.HillTop.Global,Adobe Updater Core Helper,Adobe Systems Incorporated,updatercorehelper.exe,C:\Program Files (x86)\Common Files\Adobe\OOBE\PDApp\UWA,987759847C85900B8811B69DF40327EEF6FE6135B9F254E6663D84B9243E29DE,FA368D4CBE318233DD4D60F471D29B9A
HTH9S9CGB3,HTH9S9CGB3.HillTop.Global,Adobe Updater Startup Utility,Adobe Systems Incorporated,updaterstartuputility.exe,C:\Program Files (x86)\Common Files\Adobe\OOBE\PDApp\UWA,8566F0549FB35261DBDA9F526EF86320BB3723C31DE075AF3882B21BE15E1091,35641379D8F16BF3D6024191261AA6EF
HTH9S9CGB3,HTH9S9CGB3.HillTop.Global,Microsoft® Windows® Operating System,Microsoft Corporation,pipanel.exe,C:\Program Files (x86)\Common Files\Microsoft Shared\ink,D78F016B073DDD833F8CC0A90A9A506DD8BDF7477FD887614180D0EF0A5EA033,911CD2C6578A133D289E4D175810EA97
HTH9S9CGB3,HTH9S9CGB3.HillTop.Global,Microsoft® Windows® Operating System,Microsoft Corporation,TabTip32.exe,C:\Program Files (x86)\Common Files\Microsoft Shared\ink,59AF353C252A457E2089D8DA3C4AEBBEE4A067B5D5CD23D1C8145AAB32B245FC,A459A1CA4EFDFC9476D069B6B6B25901
HTH9S9CGB3,HTH9S9CGB3.HillTop.Global,Microsoft® Windows® Operating System,Microsoft Corporation,msinfo32.exe,C:\Program Files (x86)\Common Files\Microsoft Shared\MSInfo,FF0C71BBAB43C8557D15C81EFFCF2587A0FF5206E5C771F018CA66316F586ABF,27A8FA621845E8387F13FAF157A306E2
HTH9S9CGB3,HTH9S9CGB3.HillTop.Global,Office Licensing Admin Access Provider,Microsoft Corporation,LICLUA.EXE,C:\Program Files (x86)\Common Files\Microsoft Shared\OFFICE16,945AD018F43091EA0443056D3B7A2EDA2082A7C1796A03EBC69DE818873C5F4B,F9D3CBF03DE2427AE31A7662005ABACF
HTH9S9CGB3,HTH9S9CGB3.HillTop.Global,Office Source Engine,Microsoft Corporation,OSE.EXE,C:\Program Files (x86)\Common Files\Microsoft Shared\Source Engine,6188BB8DF84791B32AE308D14613EA088DF8773D5CAC9E3E19AFA49E1F4A8E4D,030F29DD2D93EAB5C0E136E4363EA744
HTH9S9CGB3,HTH9S9CGB3.HillTop.Global,Microsoft® Visual Studio® 2010,Microsoft Corporation,VSTOInstaller.exe,C:\Program Files (x86)\Common Files\Microsoft Shared\VSTO\10.0,0870427ABD1ABED648DC11A26CA4C8024BFFF75CC23194BC115A9A98C32E7915,42E23E8A343675A507C17815E0C4A164
HTH9S9CGB3,HTH9S9CGB3.HillTop.Global,Inventory Collector,Dell Inc.,invCol.exe,C:\Program Files (x86)\Dell\SysMgt\dsia\bin\invcol,9FBAF6F30EA1698C5A755755498E61F1CA676A95137D0DB6744445D58A5895D6,AEBCF591EBC36DD2B18220D4A658E424
HTH9S9CGB3,HTH9S9CGB3.HillTop.Global,Dell Client System Inventory Agent,Dell Inc.,DsiaSrv32.exe,C:\Program Files (x86)\Dell\SysMgt\dsia\bin,360AD5F31B703A53EF1A1DB85011724F179751056194DBAE7A4F24603F40C1B5,58B41DFB4746CB649AF54D401DB25118
HTH9S9CGB3,HTH9S9CGB3.HillTop.Global, ,Unknown,Dell.Update.SubAgent.exe,C:\Program Files (x86)\Dell\UpdateService\DCF,50249800F7B920D883B35A7803FC8FA8EB88C5AFFB964C7B04C25DA2C87CD564,A84D93999E7CF6E6BFD0590BFD43C560
HTH9S9CGB3,HTH9S9CGB3.HillTop.Global,Inventory Collector,Dell Inc.,InvColPC.exe,C:\Program Files (x86)\Dell\UpdateService\Service,A2141D4EFD01C0583E730B3E3AC100C56C55F7AB22EFFAE0658B7B7781118865,71BC797064DAD0F485A9BDC7B33019A9
HTH9S9CGB3,HTH9S9CGB3.HillTop.Global,ServiceShell,Unknown,ServiceShell.exe,C:\Program Files (x86)\Dell\UpdateService,D7B52ECE2BF309D43F59D5184256B4C8705AE8E70F7D30E7088101D3D9486023,6A48D8251DA311A2D08880A3D0CD9C44
HTH9S9CGB3,HTH9S9CGB3.HillTop.Global,AutoUpdateService,Unknown,AutoUpdateService.exe,C:\Program Files (x86)\Duo Desktop,3199C0179EB862D71FC3640C893D9A9764E7B1C1A7FDD233BB4D609A298DD0BA,B7ADFD6A825F8ABAFB5137E4D2371718
HTH9S9CGB3,HTH9S9CGB3.HillTop.Global,CreateAutorunEntry,Unknown,CreateAutorunEntry.exe,C:\Program Files (x86)\Duo Desktop,B00C745A58C75744C15DF358C7A8D09F8E48905975604045466EC2AC4BFF3D3C,6992A91C5538C7D174317C58B31F6A44
HTH9S9CGB3,HTH9S9CGB3.HillTop.Global,CryptoService,Unknown,CryptoService.exe,C:\Program Files (x86)\Duo Desktop,BBACAD17451B37E96D9F1D0FB5D78EA7442E96D5D47CF6CD30462C6B6BBF35A1,14C0AB9044F381AFE0DBFC24676B1782
HTH9S9CGB3,HTH9S9CGB3.HillTop.Global,Duo Desktop,Unknown,Duo Desktop.exe,C:\Program Files (x86)\Duo Desktop,B4A2D7281AA5E0FAE7C3437F8C0176D704C36EA98E0DEE88F03BCBD056E5E743,5D469C76833752EEBEA0FF9DACFCCEBF
HTH9S9CGB3,HTH9S9CGB3.HillTop.Global,TrustedPeerMessageBroker,Unknown,TrustedPeerMessageBrokerService.exe,C:\Program Files (x86)\Duo Desktop,E595DA7447761D002A2D2531AC19E0E6C6CC2B5019D6503AF3BF4C68CECE4F28,E1AD195D2117F512C97FAA7CBCC69969
HTH9S9CGB3,HTH9S9CGB3.HillTop.Global,Google Updater (x64),Google LLC,updater.exe,C:\Program Files (x86)\Google\GoogleUpdater\140.0.7272.0,7ACC2F7679ADCBE3543234D1475F96BF13C9F5CDB19CD8F4BC807515347F41AE,C3BDD1354284B1728A56D30D99C145AB
HTH9S9CGB3,HTH9S9CGB3.HillTop.Global,Browser Switcher Extension Native Host,Google Inc,lbs_native_host.exe,C:\Program Files (x86)\Google\Legacy Browser Support,499E3D35A4B63E9BC99DC319E5C592F9443B142866657144AB236390DE463C61,7EF352337F32B1867B9874750C61F492
HTH9S9CGB3,HTH9S9CGB3.HillTop.Global,Google Updater (x64),Google LLC,GoogleUpdate.exe,C:\Program Files (x86)\Google\Update,7ACC2F7679ADCBE3543234D1475F96BF13C9F5CDB19CD8F4BC807515347F41AE,C3BDD1354284B1728A56D30D99C145AB
HTH9S9CGB3,HTH9S9CGB3.HillTop.Global,Internet Explorer,Microsoft Corporation,ExtExport.exe,C:\Program Files (x86)\Internet Explorer,6E791806C2C3962F280010554849778C1B4E2A2978A40A8BA0832D54E8F28375,0D93613950E477CF33DC51CA3E40CD76
HTH9S9CGB3,HTH9S9CGB3.HillTop.Global,Internet Explorer,Microsoft Corporation,ieinstal.exe,C:\Program Files (x86)\Internet Explorer,88DA2057AC1E19571F78487CB98E68380D1FA0209FEEE5F7106B0D096DD457E1,69E7FCA93E6F9C620F22F86A7AC645FC
HTH9S9CGB3,HTH9S9CGB3.HillTop.Global,Internet Explorer,Microsoft Corporation,ielowutil.exe,C:\Program Files (x86)\Internet Explorer,229E780F009C6B900D0B193D1AE9FCAA6F821E10964552663FD163D37718D561,51044B9B1660200B4C9FD424E39860CD
HTH9S9CGB3,HTH9S9CGB3.HillTop.Global,Internet Explorer,Microsoft Corporation,iexplore.exe,C:\Program Files (x86)\Internet Explorer,BBBB47D539F7D3F4A81E0D316FA24991C3083216A2CE295794749EF786ACF643,261176C156B18E6E31697592252D70DC
HTH9S9CGB3,HTH9S9CGB3.HillTop.Global,IEToEdge BHO,Microsoft Corporation,ie_to_edge_stub.exe,C:\Program Files (x86)\Microsoft\Edge\Application\138.0.3351.83\BHO,F1AB1C21189258CC24B3B565F24688A8F9E483F765CD9D80275F6DC44724F101,CD3A5013FCC735D3679EBD0F17300A67
HTH9S9CGB3,HTH9S9CGB3.HillTop.Global,Microsoft Edge Installer,Microsoft Corporation,setup.exe,C:\Program Files (x86)\Microsoft\Edge\Application\138.0.3351.83\Installer,64E3151CC98532479F80B98FD8F4A3E867772D0E1B055B52BC7B2D70B8A97D19,5A2CA087CDD453065DBD3E04887436DA
HTH9S9CGB3,HTH9S9CGB3.HillTop.Global,Microsoft Edge,Microsoft Corporation,cookie_exporter.exe,C:\Program Files (x86)\Microsoft\Edge\Application\138.0.3351.83,225E2F1CF200ADEB117063835E0E4FDB7F2CF0A4F66884AD7D99471F395E48C4,E87DD7282456AE8496E3A5A9A04D8EA8
HTH9S9CGB3,HTH9S9CGB3.HillTop.Global,Microsoft Edge,Microsoft Corporation,elevated_tracing_service.exe,C:\Program Files (x86)\Microsoft\Edge\Application\138.0.3351.83,C88604452F4A246BA07D5B8F02283988282CDA5A0CD542E03A0D0B9E7359FE8E,27482A9EFA034731738DF2465CAB2263
HTH9S9CGB3,HTH9S9CGB3.HillTop.Global,Microsoft Edge,Microsoft Corporation,elevation_service.exe,C:\Program Files (x86)\Microsoft\Edge\Application\138.0.3351.83,63F91265CF374D85B364B9033416452872F02DFA5ACD0B61D018F44A0CA6D2B4,0F1B7E620D7E702B53D4FA6166F342D7
HTH9S9CGB3,HTH9S9CGB3.HillTop.Global,Microsoft Edge,Microsoft Corporation,identity_helper.exe,C:\Program Files (x86)\Microsoft\Edge\Application\138.0.3351.83,B6AD32CBF0C39F14CA83B765F802153F0E52E5F168BC3B8B036F4071F7809180,DD104539F4696FE47B5962A398175186
HTH9S9CGB3,HTH9S9CGB3.HillTop.Global,Microsoft Edge,Microsoft Corporation,msedge.exe,C:\Program Files (x86)\Microsoft\Edge\Application\138.0.3351.83,7CD071957C8786F8441094F9D66F1A2CE9393CBD4E94C1BFF09BB438DD366773,561E49F7FB2C4ADCA997D0357ECF1CE3
HTH9S9CGB3,HTH9S9CGB3.HillTop.Global,Microsoft Edge WebView2,Microsoft Corporation,msedgewebview2.exe,C:\Program Files (x86)\Microsoft\Edge\Application\138.0.3351.83,5F8943C27A00E1FFBCA0F82595BA9634C3790FF0A1D633214485C725117FDB8E,17738D8F77E4202082D30D09F65B598C
HTH9S9CGB3,HTH9S9CGB3.HillTop.Global,Microsoft Edge,Microsoft Corporation,msedge_proxy.exe,C:\Program Files (x86)\Microsoft\Edge\Application\138.0.3351.83,0D8EB5D7BD0D8B5B6D1518A439F0C2B200BE29B60CC8A819599E665C891735BF,C160DD04DD2DA319E36C480E0426607E
HTH9S9CGB3,HTH9S9CGB3.HillTop.Global,Microsoft Edge,Microsoft Corporation,msedge_pwa_launcher.exe,C:\Program Files (x86)\Microsoft\Edge\Application\138.0.3351.83,CE7243239CE1F416CBC68BFB6A04D8A3975EC24438B3A39C717AD306F24BCFC2,76E3321488EDF1A0599D54E84261D0EE
HTH9S9CGB3,HTH9S9CGB3.HillTop.Global,Microsoft Edge,Microsoft Corporation,notification_click_helper.exe,C:\Program Files (x86)\Microsoft\Edge\Application\138.0.3351.83,0717CDD1CFC5BCF99AC49E1E8B4C3EBA7F63B048B762E74EF81525D3D92E6FDE,2D64B2F26F4C85C77BE33CC76D216D3D
HTH9S9CGB3,HTH9S9CGB3.HillTop.Global,Microsoft Edge,Microsoft Corporation,notification_helper.exe,C:\Program Files (x86)\Microsoft\Edge\Application\138.0.3351.83,0717CDD1CFC5BCF99AC49E1E8B4C3EBA7F63B048B762E74EF81525D3D92E6FDE,2D64B2F26F4C85C77BE33CC76D216D3D
HTH9S9CGB3,HTH9S9CGB3.HillTop.Global,Microsoft Edge,Microsoft Corporation,pwahelper.exe,C:\Program Files (x86)\Microsoft\Edge\Application\138.0.3351.83,DF8A3838C202EF74615D2F3A46B2D447B60EDE03136EFA4950CA50AF9C69AC84,4F5705B6C8FCF638A580FDF488CFB0AE
HTH9S9CGB3,HTH9S9CGB3.HillTop.Global,show_third_party_software_licenses,Unknown,show_third_party_software_licenses.bat,C:\Program Files (x86)\Microsoft\Edge\Application\138.0.3351.83,3E867E263B64592B2DAD5C334B6AA46D0BB46A20AA0DB01C5FF08C707C3E148D,FB20A4564050CD49CB839474EB5AC815
HTH9S9CGB3,HTH9S9CGB3.HillTop.Global,Microsoft Edge,Microsoft Corporation,msedge.exe,C:\Program Files (x86)\Microsoft\Edge\Application,7CD071957C8786F8441094F9D66F1A2CE9393CBD4E94C1BFF09BB438DD366773,561E49F7FB2C4ADCA997D0357ECF1CE3
HTH9S9CGB3,HTH9S9CGB3.HillTop.Global,Microsoft Edge,Microsoft Corporation,msedge_proxy.exe,C:\Program Files (x86)\Microsoft\Edge\Application,0D8EB5D7BD0D8B5B6D1518A439F0C2B200BE29B60CC8A819599E665C891735BF,C160DD04DD2DA319E36C480E0426607E
HTH9S9CGB3,HTH9S9CGB3.HillTop.Global,Microsoft Edge,Microsoft Corporation,pwahelper.exe,C:\Program Files (x86)\Microsoft\Edge\Application,DF8A3838C202EF74615D2F3A46B2D447B60EDE03136EFA4950CA50AF9C69AC84,4F5705B6C8FCF638A580FDF488CFB0AE
HTH9S9CGB3,HTH9S9CGB3.HillTop.Global,IEToEdge BHO,Microsoft Corporation,ie_to_edge_stub.exe,C:\Program Files (x86)\Microsoft\EdgeCore\138.0.3351.77\BHO,E68F4BA004DB0C99D4B3E606B1EA07B0A7FA3020051A604CF8645FA3010EFB21,67F2095F6D399A0C0F63F8EFF9709BD1
HTH9S9CGB3,HTH9S9CGB3.HillTop.Global,Microsoft Edge Installer,Microsoft Corporation,setup.exe,C:\Program Files (x86)\Microsoft\EdgeCore\138.0.3351.77\Installer,FE270D523D37B0316B32006744D60B0D8A8423F271264A6461638B924C48AB78,F2456347319677BF6743DCD750642562
HTH9S9CGB3,HTH9S9CGB3.HillTop.Global,Microsoft Edge,Microsoft Corporation,cookie_exporter.exe,C:\Program Files (x86)\Microsoft\EdgeCore\138.0.3351.77,2948439CC6ABB0864AA9AF4C5F325C395D9A66C3D1508F800F93D06E1C7968AB,3A36E4F1B435C34488F9EBD8FC93FB8B
HTH9S9CGB3,HTH9S9CGB3.HillTop.Global,Microsoft Edge,Microsoft Corporation,elevated_tracing_service.exe,C:\Program Files (x86)\Microsoft\EdgeCore\138.0.3351.77,304D96F63E7C86C6F6EEB89C649047EC98B481231999A8CB0D76A8D44196D364,ADB67954E066ACE4742B4F78D93F4EA2
HTH9S9CGB3,HTH9S9CGB3.HillTop.Global,Microsoft Edge,Microsoft Corporation,elevation_service.exe,C:\Program Files (x86)\Microsoft\EdgeCore\138.0.3351.77,9A00BF041C250320F45ADA22A3E54A63B8F5C6EE82098CDF6AA4A16CDCA8EA25,64D090484FBCD1B5FE77026DA944A3E5
HTH9S9CGB3,HTH9S9CGB3.HillTop.Global,Microsoft Edge,Microsoft Corporation,identity_helper.exe,C:\Program Files (x86)\Microsoft\EdgeCore\138.0.3351.77,3DABDB3B0D7FAA706784DBF19023BD2F5B4B7B191EFCE69C95DE32BC8FE8CE63,B4911C2D94C25A75374FEED529E00944
HTH9S9CGB3,HTH9S9CGB3.HillTop.Global,Microsoft Edge,Microsoft Corporation,msedge.exe,C:\Program Files (x86)\Microsoft\EdgeCore\138.0.3351.77,3BF77625B73F9D94D13E06B05407A4B1F9B15EEF925B8390B4374536ACBDBAFB,596F753A3BBD2EC193811FA7680B363F
HTH9S9CGB3,HTH9S9CGB3.HillTop.Global,Microsoft Edge WebView2,Microsoft Corporation,msedgewebview2.exe,C:\Program Files (x86)\Microsoft\EdgeCore\138.0.3351.77,CAF0FC795287F70E2FB64C6081866934D4E4DFF52B21134818014AB9191D5B85,34B3CE300A2C56FEB2DF4353E7C8C56F
HTH9S9CGB3,HTH9S9CGB3.HillTop.Global,Microsoft Edge,Microsoft Corporation,msedge_proxy.exe,C:\Program Files (x86)\Microsoft\EdgeCore\138.0.3351.77,98AF7C7B1D59549BD6D3F46E512F0C39947AC0A117ED2ED018F4207E2803A0A9,50F504C242DDE0904E3178432AD9FC26
HTH9S9CGB3,HTH9S9CGB3.HillTop.Global,Microsoft Edge,Microsoft Corporation,msedge_pwa_launcher.exe,C:\Program Files (x86)\Microsoft\EdgeCore\138.0.3351.77,1E23B4CE12FD31E143A6D7FE2FA2D3E8C1E6A874C2B3595913D77F3BE9DEFC5C,4F2F37D9207224E766204F66F95CCE7A
HTH9S9CGB3,HTH9S9CGB3.HillTop.Global,Microsoft Edge,Microsoft Corporation,notification_helper.exe,C:\Program Files (x86)\Microsoft\EdgeCore\138.0.3351.77,B0B1647AB68CA408F7E5E43E6CD6D74B94FDDC88E38592B9F36B6D499FBC3E84,3916B585CAE46C31529FE98E0E3B9488
HTH9S9CGB3,HTH9S9CGB3.HillTop.Global,Microsoft Edge,Microsoft Corporation,pwahelper.exe,C:\Program Files (x86)\Microsoft\EdgeCore\138.0.3351.77,C412034270C2BC0DC5FBE08BA2054A8D01F642AB12365EE85A4C4D1602054551,ACE7C5BE3BEB7C64F27968B937613B2A
HTH9S9CGB3,HTH9S9CGB3.HillTop.Global,show_third_party_software_licenses,Unknown,show_third_party_software_licenses.bat,C:\Program Files (x86)\Microsoft\EdgeCore\138.0.3351.77,3E867E263B64592B2DAD5C334B6AA46D0BB46A20AA0DB01C5FF08C707C3E148D,FB20A4564050CD49CB839474EB5AC815
HTH9S9CGB3,HTH9S9CGB3.HillTop.Global,IEToEdge BHO,Microsoft Corporation,ie_to_edge_stub.exe,C:\Program Files (x86)\Microsoft\EdgeCore\138.0.3351.83\BHO,F1AB1C21189258CC24B3B565F24688A8F9E483F765CD9D80275F6DC44724F101,CD3A5013FCC735D3679EBD0F17300A67
HTH9S9CGB3,HTH9S9CGB3.HillTop.Global,Microsoft Edge Installer,Microsoft Corporation,setup.exe,C:\Program Files (x86)\Microsoft\EdgeCore\138.0.3351.83\Installer,64E3151CC98532479F80B98FD8F4A3E867772D0E1B055B52BC7B2D70B8A97D19,5A2CA087CDD453065DBD3E04887436DA
HTH9S9CGB3,HTH9S9CGB3.HillTop.Global,Microsoft Edge,Microsoft Corporation,cookie_exporter.exe,C:\Program Files (x86)\Microsoft\EdgeCore\138.0.3351.83,225E2F1CF200ADEB117063835E0E4FDB7F2CF0A4F66884AD7D99471F395E48C4,E87DD7282456AE8496E3A5A9A04D8EA8
HTH9S9CGB3,HTH9S9CGB3.HillTop.Global,Microsoft Edge,Microsoft Corporation,elevated_tracing_service.exe,C:\Program Files (x86)\Microsoft\EdgeCore\138.0.3351.83,C88604452F4A246BA07D5B8F02283988282CDA5A0CD542E03A0D0B9E7359FE8E,27482A9EFA034731738DF2465CAB2263
HTH9S9CGB3,HTH9S9CGB3.HillTop.Global,Microsoft Edge,Microsoft Corporation,elevation_service.exe,C:\Program Files (x86)\Microsoft\EdgeCore\138.0.3351.83,63F91265CF374D85B364B9033416452872F02DFA5ACD0B61D018F44A0CA6D2B4,0F1B7E620D7E702B53D4FA6166F342D7
HTH9S9CGB3,HTH9S9CGB3.HillTop.Global,Microsoft Edge,Microsoft Corporation,identity_helper.exe,C:\Program Files (x86)\Microsoft\EdgeCore\138.0.3351.83,B6AD32CBF0C39F14CA83B765F802153F0E52E5F168BC3B8B036F4071F7809180,DD104539F4696FE47B5962A398175186
HTH9S9CGB3,HTH9S9CGB3.HillTop.Global,Microsoft Edge,Microsoft Corporation,msedge.exe,C:\Program Files (x86)\Microsoft\EdgeCore\138.0.3351.83,7CD071957C8786F8441094F9D66F1A2CE9393CBD4E94C1BFF09BB438DD366773,561E49F7FB2C4ADCA997D0357ECF1CE3
HTH9S9CGB3,HTH9S9CGB3.HillTop.Global,Microsoft Edge WebView2,Microsoft Corporation,msedgewebview2.exe,C:\Program Files (x86)\Microsoft\EdgeCore\138.0.3351.83,5F8943C27A00E1FFBCA0F82595BA9634C3790FF0A1D633214485C725117FDB8E,17738D8F77E4202082D30D09F65B598C
HTH9S9CGB3,HTH9S9CGB3.HillTop.Global,Microsoft Edge,Microsoft Corporation,msedge_proxy.exe,C:\Program Files (x86)\Microsoft\EdgeCore\138.0.3351.83,0D8EB5D7BD0D8B5B6D1518A439F0C2B200BE29B60CC8A819599E665C891735BF,C160DD04DD2DA319E36C480E0426607E
HTH9S9CGB3,HTH9S9CGB3.HillTop.Global,Microsoft Edge,Microsoft Corporation,msedge_pwa_launcher.exe,C:\Program Files (x86)\Microsoft\EdgeCore\138.0.3351.83,CE7243239CE1F416CBC68BFB6A04D8A3975EC24438B3A39C717AD306F24BCFC2,76E3321488EDF1A0599D54E84261D0EE
HTH9S9CGB3,HTH9S9CGB3.HillTop.Global,Microsoft Edge,Microsoft Corporation,notification_helper.exe,C:\Program Files (x86)\Microsoft\EdgeCore\138.0.3351.83,0717CDD1CFC5BCF99AC49E1E8B4C3EBA7F63B048B762E74EF81525D3D92E6FDE,2D64B2F26F4C85C77BE33CC76D216D3D
HTH9S9CGB3,HTH9S9CGB3.HillTop.Global,Microsoft Edge,Microsoft Corporation,pwahelper.exe,C:\Program Files (x86)\Microsoft\EdgeCore\138.0.3351.83,DF8A3838C202EF74615D2F3A46B2D447B60EDE03136EFA4950CA50AF9C69AC84,4F5705B6C8FCF638A580FDF488CFB0AE
HTH9S9CGB3,HTH9S9CGB3.HillTop.Global,show_third_party_software_licenses,Unknown,show_third_party_software_licenses.bat,C:\Program Files (x86)\Microsoft\EdgeCore\138.0.3351.83,3E867E263B64592B2DAD5C334B6AA46D0BB46A20AA0DB01C5FF08C707C3E148D,FB20A4564050CD49CB839474EB5AC815
HTH9S9CGB3,HTH9S9CGB3.HillTop.Global,Microsoft Edge,Microsoft Corporation,MicrosoftEdgeComRegisterShellARM64.exe,C:\Program Files (x86)\Microsoft\EdgeUpdate\1.3.195.61,E6E0518993662FE479B0F1D1F2F93C81A2B19C517A007B3FF5B8D1AF5FDAF5C4,1AD4DC4005B4A88D0473358F31491923
HTH9S9CGB3,HTH9S9CGB3.HillTop.Global,Microsoft Edge Update,Microsoft Corporation,MicrosoftEdgeUpdate.exe,C:\Program Files (x86)\Microsoft\EdgeUpdate\1.3.195.61,5CDF1C3C7F72120CA88145D38E48C9E1E6A6BD4EF43021193FD76D98D2F05496,570D4E78E4EF679C9435247685F8A8D3
HTH9S9CGB3,HTH9S9CGB3.HillTop.Global,Microsoft Edge Update,Microsoft Corporation,MicrosoftEdgeUpdateBroker.exe,C:\Program Files (x86)\Microsoft\EdgeUpdate\1.3.195.61,9E259500EBA6A26384161A28A92F2DEDBDD6B1073DE46D8FEC74E03762E031D4,7AE279F8F5FC1A139FC3FA06BF28BC59
HTH9S9CGB3,HTH9S9CGB3.HillTop.Global,Microsoft Edge Update,Microsoft Corporation,MicrosoftEdgeUpdateComRegisterShell64.exe,C:\Program Files (x86)\Microsoft\EdgeUpdate\1.3.195.61,5F2A785AEA8F1EAFD0B473722C95B1178A684734DA79BE28D3A445470F810062,D65C7E1B579CD5ABA05D65D5FF0002AD
HTH9S9CGB3,HTH9S9CGB3.HillTop.Global,Microsoft Edge Update,Microsoft Corporation,MicrosoftEdgeUpdateCore.exe,C:\Program Files (x86)\Microsoft\EdgeUpdate\1.3.195.61,343D488E9AB2269D0679668A96671A2E05DF83E729538762C6E37ECC6E1EF101,66617AF40500C5A895521B6EC042E0E1
HTH9S9CGB3,HTH9S9CGB3.HillTop.Global,Microsoft Edge Update,Microsoft Corporation,MicrosoftEdgeUpdateOnDemand.exe,C:\Program Files (x86)\Microsoft\EdgeUpdate\1.3.195.61,C6EA70D4372A37A6EE06B35C1F6E1B2668B39005FC2D71347BF6FD3BF680B316,B552E2C44C71C93E4AAE5411357BDE40
HTH9S9CGB3,HTH9S9CGB3.HillTop.Global,Microsoft Edge Update,Microsoft Corporation,MicrosoftEdgeUpdateSetup.exe,C:\Program Files (x86)\Microsoft\EdgeUpdate\1.3.195.61,3D22756C17A551C5E3A840325B8944050638F6A420FE55167FC95D4915A8A72B,0FBB10CE5AFB1FF94FEDEDE78949462D
HTH9S9CGB3,HTH9S9CGB3.HillTop.Global,Microsoft Edge Installer,Microsoft Corporation,MicrosoftEdge_X64_138.0.3351.83_138.0.3351.77.exe,C:\Program Files (x86)\Microsoft\EdgeUpdate\Download\{56EB18F8-B008-4CBD-B6D2-8C97FE7E9062}\138.0.3351.83,07EAA10DEF44CCD3E38C28B3DA83021E5A80E7D390982B42A9140E70C5EA67F4,8047BC8901FB75E7A676D62EC2F1962F
HTH9S9CGB3,HTH9S9CGB3.HillTop.Global,Microsoft Edge Installer,Microsoft Corporation,MicrosoftEdge_X64_138.0.3351.83_138.0.3351.77.exe,C:\Program Files (x86)\Microsoft\EdgeUpdate\Download\{F3017226-FE2A-4295-8BDF-00C3A9A7E4C5}\138.0.3351.83,07EAA10DEF44CCD3E38C28B3DA83021E5A80E7D390982B42A9140E70C5EA67F4,8047BC8901FB75E7A676D62EC2F1962F
HTH9S9CGB3,HTH9S9CGB3.HillTop.Global,Microsoft Edge Update,Microsoft Corporation,MicrosoftEdgeUpdateSetup_X86_1.3.195.61.exe,C:\Program Files (x86)\Microsoft\EdgeUpdate\Download\{F3C4FE00-EFD5-403B-9569-398A20F1BA4A}\1.3.195.61,3D22756C17A551C5E3A840325B8944050638F6A420FE55167FC95D4915A8A72B,0FBB10CE5AFB1FF94FEDEDE78949462D
HTH9S9CGB3,HTH9S9CGB3.HillTop.Global,Microsoft Edge Installer,Microsoft Corporation,MicrosoftEdge_X64_138.0.3351.83_138.0.3351.77.exe,C:\Program Files (x86)\Microsoft\EdgeUpdate\Install\{BCEE3792-D208-41EC-A326-E7063A2F5A58},07EAA10DEF44CCD3E38C28B3DA83021E5A80E7D390982B42A9140E70C5EA67F4,8047BC8901FB75E7A676D62EC2F1962F
HTH9S9CGB3,HTH9S9CGB3.HillTop.Global,Microsoft Edge Update,Microsoft Corporation,MicrosoftEdgeUpdate.exe,C:\Program Files (x86)\Microsoft\EdgeUpdate,9991BA022173F283EE99068B708F60AC5143FE0C81C9E3673CC7835B108A4F44,B55AD19C6C110E9BF985BC8674F7BCB3
HTH9S9CGB3,HTH9S9CGB3.HillTop.Global,IEToEdge BHO,Microsoft Corporation,ie_to_edge_stub.exe,C:\Program Files (x86)\Microsoft\EdgeWebView\Application\138.0.3351.77\BHO,E68F4BA004DB0C99D4B3E606B1EA07B0A7FA3020051A604CF8645FA3010EFB21,67F2095F6D399A0C0F63F8EFF9709BD1
HTH9S9CGB3,HTH9S9CGB3.HillTop.Global,Microsoft Edge Installer,Microsoft Corporation,setup.exe,C:\Program Files (x86)\Microsoft\EdgeWebView\Application\138.0.3351.77\Installer,FE270D523D37B0316B32006744D60B0D8A8423F271264A6461638B924C48AB78,F2456347319677BF6743DCD750642562
HTH9S9CGB3,HTH9S9CGB3.HillTop.Global,Microsoft Edge,Microsoft Corporation,cookie_exporter.exe,C:\Program Files (x86)\Microsoft\EdgeWebView\Application\138.0.3351.77,2948439CC6ABB0864AA9AF4C5F325C395D9A66C3D1508F800F93D06E1C7968AB,3A36E4F1B435C34488F9EBD8FC93FB8B
HTH9S9CGB3,HTH9S9CGB3.HillTop.Global,Microsoft Edge,Microsoft Corporation,elevated_tracing_service.exe,C:\Program Files (x86)\Microsoft\EdgeWebView\Application\138.0.3351.77,304D96F63E7C86C6F6EEB89C649047EC98B481231999A8CB0D76A8D44196D364,ADB67954E066ACE4742B4F78D93F4EA2
HTH9S9CGB3,HTH9S9CGB3.HillTop.Global,Microsoft Edge,Microsoft Corporation,elevation_service.exe,C:\Program Files (x86)\Microsoft\EdgeWebView\Application\138.0.3351.77,9A00BF041C250320F45ADA22A3E54A63B8F5C6EE82098CDF6AA4A16CDCA8EA25,64D090484FBCD1B5FE77026DA944A3E5
HTH9S9CGB3,HTH9S9CGB3.HillTop.Global,Microsoft Edge,Microsoft Corporation,identity_helper.exe,C:\Program Files (x86)\Microsoft\EdgeWebView\Application\138.0.3351.77,3DABDB3B0D7FAA706784DBF19023BD2F5B4B7B191EFCE69C95DE32BC8FE8CE63,B4911C2D94C25A75374FEED529E00944
HTH9S9CGB3,HTH9S9CGB3.HillTop.Global,Microsoft Edge,Microsoft Corporation,msedge.exe,C:\Program Files (x86)\Microsoft\EdgeWebView\Application\138.0.3351.77,3BF77625B73F9D94D13E06B05407A4B1F9B15EEF925B8390B4374536ACBDBAFB,596F753A3BBD2EC193811FA7680B363F
HTH9S9CGB3,HTH9S9CGB3.HillTop.Global,Microsoft Edge WebView2,Microsoft Corporation,msedgewebview2.exe,C:\Program Files (x86)\Microsoft\EdgeWebView\Application\138.0.3351.77,CAF0FC795287F70E2FB64C6081866934D4E4DFF52B21134818014AB9191D5B85,34B3CE300A2C56FEB2DF4353E7C8C56F
HTH9S9CGB3,HTH9S9CGB3.HillTop.Global,Microsoft Edge,Microsoft Corporation,msedge_proxy.exe,C:\Program Files (x86)\Microsoft\EdgeWebView\Application\138.0.3351.77,98AF7C7B1D59549BD6D3F46E512F0C39947AC0A117ED2ED018F4207E2803A0A9,50F504C242DDE0904E3178432AD9FC26
HTH9S9CGB3,HTH9S9CGB3.HillTop.Global,Microsoft Edge,Microsoft Corporation,msedge_pwa_launcher.exe,C:\Program Files (x86)\Microsoft\EdgeWebView\Application\138.0.3351.77,1E23B4CE12FD31E143A6D7FE2FA2D3E8C1E6A874C2B3595913D77F3BE9DEFC5C,4F2F37D9207224E766204F66F95CCE7A
HTH9S9CGB3,HTH9S9CGB3.HillTop.Global,Microsoft Edge,Microsoft Corporation,notification_helper.exe,C:\Program Files (x86)\Microsoft\EdgeWebView\Application\138.0.3351.77,B0B1647AB68CA408F7E5E43E6CD6D74B94FDDC88E38592B9F36B6D499FBC3E84,3916B585CAE46C31529FE98E0E3B9488
HTH9S9CGB3,HTH9S9CGB3.HillTop.Global,Microsoft Edge,Microsoft Corporation,pwahelper.exe,C:\Program Files (x86)\Microsoft\EdgeWebView\Application\138.0.3351.77,C412034270C2BC0DC5FBE08BA2054A8D01F642AB12365EE85A4C4D1602054551,ACE7C5BE3BEB7C64F27968B937613B2A
HTH9S9CGB3,HTH9S9CGB3.HillTop.Global,show_third_party_software_licenses,Unknown,show_third_party_software_licenses.bat,C:\Program Files (x86)\Microsoft\EdgeWebView\Application\138.0.3351.77,3E867E263B64592B2DAD5C334B6AA46D0BB46A20AA0DB01C5FF08C707C3E148D,FB20A4564050CD49CB839474EB5AC815
HTH9S9CGB3,HTH9S9CGB3.HillTop.Global,IEToEdge BHO,Microsoft Corporation,ie_to_edge_stub.exe,C:\Program Files (x86)\Microsoft\EdgeWebView\Application\138.0.3351.83\BHO,F1AB1C21189258CC24B3B565F24688A8F9E483F765CD9D80275F6DC44724F101,CD3A5013FCC735D3679EBD0F17300A67
HTH9S9CGB3,HTH9S9CGB3.HillTop.Global,Microsoft Edge Installer,Microsoft Corporation,setup.exe,C:\Program Files (x86)\Microsoft\EdgeWebView\Application\138.0.3351.83\Installer,64E3151CC98532479F80B98FD8F4A3E867772D0E1B055B52BC7B2D70B8A97D19,5A2CA087CDD453065DBD3E04887436DA
HTH9S9CGB3,HTH9S9CGB3.HillTop.Global,Microsoft Edge,Microsoft Corporation,cookie_exporter.exe,C:\Program Files (x86)\Microsoft\EdgeWebView\Application\138.0.3351.83,225E2F1CF200ADEB117063835E0E4FDB7F2CF0A4F66884AD7D99471F395E48C4,E87DD7282456AE8496E3A5A9A04D8EA8
HTH9S9CGB3,HTH9S9CGB3.HillTop.Global,Microsoft Edge,Microsoft Corporation,elevated_tracing_service.exe,C:\Program Files (x86)\Microsoft\EdgeWebView\Application\138.0.3351.83,C88604452F4A246BA07D5B8F02283988282CDA5A0CD542E03A0D0B9E7359FE8E,27482A9EFA034731738DF2465CAB2263
HTH9S9CGB3,HTH9S9CGB3.HillTop.Global,Microsoft Edge,Microsoft Corporation,elevation_service.exe,C:\Program Files (x86)\Microsoft\EdgeWebView\Application\138.0.3351.83,63F91265CF374D85B364B9033416452872F02DFA5ACD0B61D018F44A0CA6D2B4,0F1B7E620D7E702B53D4FA6166F342D7
HTH9S9CGB3,HTH9S9CGB3.HillTop.Global,Microsoft Edge,Microsoft Corporation,identity_helper.exe,C:\Program Files (x86)\Microsoft\EdgeWebView\Application\138.0.3351.83,B6AD32CBF0C39F14CA83B765F802153F0E52E5F168BC3B8B036F4071F7809180,DD104539F4696FE47B5962A398175186
HTH9S9CGB3,HTH9S9CGB3.HillTop.Global,Microsoft Edge,Microsoft Corporation,msedge.exe,C:\Program Files (x86)\Microsoft\EdgeWebView\Application\138.0.3351.83,7CD071957C8786F8441094F9D66F1A2CE9393CBD4E94C1BFF09BB438DD366773,561E49F7FB2C4ADCA997D0357ECF1CE3
HTH9S9CGB3,HTH9S9CGB3.HillTop.Global,Microsoft Edge WebView2,Microsoft Corporation,msedgewebview2.exe,C:\Program Files (x86)\Microsoft\EdgeWebView\Application\138.0.3351.83,5F8943C27A00E1FFBCA0F82595BA9634C3790FF0A1D633214485C725117FDB8E,17738D8F77E4202082D30D09F65B598C
HTH9S9CGB3,HTH9S9CGB3.HillTop.Global,Microsoft Edge,Microsoft Corporation,msedge_proxy.exe,C:\Program Files (x86)\Microsoft\EdgeWebView\Application\138.0.3351.83,0D8EB5D7BD0D8B5B6D1518A439F0C2B200BE29B60CC8A819599E665C891735BF,C160DD04DD2DA319E36C480E0426607E
HTH9S9CGB3,HTH9S9CGB3.HillTop.Global,Microsoft Edge,Microsoft Corporation,msedge_pwa_launcher.exe,C:\Program Files (x86)\Microsoft\EdgeWebView\Application\138.0.3351.83,CE7243239CE1F416CBC68BFB6A04D8A3975EC24438B3A39C717AD306F24BCFC2,76E3321488EDF1A0599D54E84261D0EE
HTH9S9CGB3,HTH9S9CGB3.HillTop.Global,Microsoft Edge,Microsoft Corporation,notification_helper.exe,C:\Program Files (x86)\Microsoft\EdgeWebView\Application\138.0.3351.83,0717CDD1CFC5BCF99AC49E1E8B4C3EBA7F63B048B762E74EF81525D3D92E6FDE,2D64B2F26F4C85C77BE33CC76D216D3D
HTH9S9CGB3,HTH9S9CGB3.HillTop.Global,Microsoft Edge,Microsoft Corporation,pwahelper.exe,C:\Program Files (x86)\Microsoft\EdgeWebView\Application\138.0.3351.83,DF8A3838C202EF74615D2F3A46B2D447B60EDE03136EFA4950CA50AF9C69AC84,4F5705B6C8FCF638A580FDF488CFB0AE
HTH9S9CGB3,HTH9S9CGB3.HillTop.Global,show_third_party_software_licenses,Unknown,show_third_party_software_licenses.bat,C:\Program Files (x86)\Microsoft\EdgeWebView\Application\138.0.3351.83,3E867E263B64592B2DAD5C334B6AA46D0BB46A20AA0DB01C5FF08C707C3E148D,FB20A4564050CD49CB839474EB5AC815
HTH9S9CGB3,HTH9S9CGB3.HillTop.Global,ExtensionNativeHost,Unknown,ExtensionNativeHost.exe,C:\Program Files (x86)\Microsoft\Microsoft Search in Bing,A3C9C5EBCE65785778AF19B1FC3E95B6BC110608496D5EB6A6572CAC5C3CC4CD,17F21F039ED7898B0268E90A8A6085FA
HTH9S9CGB3,HTH9S9CGB3.HillTop.Global,MainExtBootStrap,Unknown,MainExtBootStrap.exe,C:\Program Files (x86)\Microsoft\Microsoft Search in Bing,C117B6D1B859D00C3319EA2BB4B4665A00E95EA61979C92564B1F0B7B197B18C,4BF3C7788C6CEF405E4CE09D5EDF05AA
HTH9S9CGB3,HTH9S9CGB3.HillTop.Global,MicrosoftSearchInBing,Unknown,MicrosoftSearchInBing.exe,C:\Program Files (x86)\Microsoft\Microsoft Search in Bing,77B990CB81CF51BF1BA80BBA23EF5F5161309F74418BAC8A3AE930EB85EF5374,3F3B0223CBA01746962CCD3C18C39F9B
HTH9S9CGB3,HTH9S9CGB3.HillTop.Global,RemoveMSBExtenison,Unknown,RemoveMSBextension.exe,C:\Program Files (x86)\Microsoft\Microsoft Search in Bing,EB3751B21899FA4DBBC71D1A986FB7307D260018A219E2FE19C3234C89421DDE,BC4787A2BFF54D5B97081443D24DFB46
HTH9S9CGB3,HTH9S9CGB3.HillTop.Global,UninstallService,Unknown,UninstallService.exe,C:\Program Files (x86)\Microsoft\Microsoft Search in Bing,CD82043D0DD768BA5A7CD806D2BD9D88AB3B111C657C7F03D7162D5FEDC24DAD,C2B43C9FF13E69D251E974C97943A2A2
HTH9S9CGB3,HTH9S9CGB3.HillTop.Global,Microsoft SQL Server,Microsoft Corporation,SQLDumper.exe,C:\Program Files (x86)\Microsoft Analysis Services\AS OLEDB\140,1759A63FCF3515A63DA5F74123F725F7CC11271390A34F833EBDBA19B5936808,7A906ADF4D49B11D9F0C72BE24E05F17
HTH9S9CGB3,HTH9S9CGB3.HillTop.Global,Add-in Express .NET,Add-in Express Ltd.,adxregistrator.exe,C:\Program Files (x86)\Microsoft Azure Information Protection,1B086EA021F306DE7FD4FD59F79BAB7D746ED67681BEB7201AB769F04D7B9E09,87953E719B36E51F39ECD362089D0EA6
HTH9S9CGB3,HTH9S9CGB3.HillTop.Global,Microsoft Azure Information Protection,Microsoft Corporation,MSIP.App.exe,C:\Program Files (x86)\Microsoft Azure Information Protection,66DB4D3D5D91E5433A581771258B15C7E4EA94E84BFB489D187CEFCCF332C497,614BD50ED6BE49096158157718A607FF
HTH9S9CGB3,HTH9S9CGB3.HillTop.Global,Microsoft Azure Information Protection,Microsoft Corporation,MSIP.ExecutionHost.exe,C:\Program Files (x86)\Microsoft Azure Information Protection,A5D018DBA446C491FA32671F14DB09DA9E0233746BF9E03791F618B2C8E730E5,2997C1B71C83D50C1E878901778FCC36
HTH9S9CGB3,HTH9S9CGB3.HillTop.Global,Microsoft Azure Information Protection,Microsoft Corporation,MSIP.ExecutionHost32.exe,C:\Program Files (x86)\Microsoft Azure Information Protection,C7CE815B1BADD6A78B21AA3AD2F9154F47857BCBB6DA9B12BC6D8F31FE61658F,CD0421BD5A574A0B0D721BFA5F4C6813
HTH9S9CGB3,HTH9S9CGB3.HillTop.Global,Microsoft Azure Information Protection,Microsoft Corporation,MSIP.NetworkDiscovery.exe,C:\Program Files (x86)\Microsoft Azure Information Protection,CC36102B90B6E857BF5D9A12C7E948B69223DC2C8D0272C81FCC4A2C3AA89129,17217D7CD96150591A3565D57B3BA064
HTH9S9CGB3,HTH9S9CGB3.HillTop.Global,Microsoft Azure Information Protection,Microsoft Corporation,MSIP.Scanner.exe,C:\Program Files (x86)\Microsoft Azure Information Protection,F21804A56621DE7FA7EEC3170F72C48FDE0D3704D762C4BF1265392C80657E65,C41D7CB2EF9FD57E742A2EC4C5212720
HTH9S9CGB3,HTH9S9CGB3.HillTop.Global,Microsoft Azure Information Protection,Microsoft Corporation,MSIP.Tools.Configuration.exe,C:\Program Files (x86)\Microsoft Azure Information Protection,0193DE78B263295AFC88B652366EC66FF1F6203A612C221FA97112E5C29F8454,F05DD5B2EAE4C930F1B9C9F5006363AE
HTH9S9CGB3,HTH9S9CGB3.HillTop.Global,Microsoft Azure Information Protection,Microsoft Corporation,MSIP.Viewer.exe,C:\Program Files (x86)\Microsoft Azure Information Protection,A01C3BF031AE8F4957556D7B47D8E254C3AADBCB6197BA277638C8D8584E11AD,F400994C000B371F0299A362689A12D1
HTH9S9CGB3,HTH9S9CGB3.HillTop.Global,Microsoft Configuration Manager,Microsoft Corporation,CMCabSigner.exe,C:\Program Files (x86)\Microsoft Configuration Manager\bin\i386,65082C890F8591578F00CEA53C0CED7917B9784B20DE9F068D91BD0B179BA7FA,DDC743E55E05A5AAC0BD3E6B7FBC8AF9
HTH9S9CGB3,HTH9S9CGB3.HillTop.Global,Microsoft Configuration Manager,Microsoft Corporation,CmRcViewer.exe,C:\Program Files (x86)\Microsoft Configuration Manager\bin\i386,6AD666D2613CC88A35483DAB1154FD2D26AD58F9AFC0CB5A914E3366B35A3FB1,2C61AC8ABCEC5A28A08AC1985A5A6952
HTH9S9CGB3,HTH9S9CGB3.HillTop.Global,Microsoft Configuration Manager,Microsoft Corporation,compmgr.exe,C:\Program Files (x86)\Microsoft Configuration Manager\bin\i386,1EC5A35EE5D7FE32600C23C342552E9DF716D4F9DE924D995AD63E5DAA723E00,273B7512B911905B4389278DD5EF674A
HTH9S9CGB3,HTH9S9CGB3.HillTop.Global,Microsoft Configuration Manager,Microsoft Corporation,CreateMedia.exe,C:\Program Files (x86)\Microsoft Configuration Manager\bin\i386,FAE70EA3CD8692B8E2CE771B7F91A47A6EB965E63925C35A712A2FDEA18D39F6,8C620A5B8F119B7772A82DB8664074E4
HTH9S9CGB3,HTH9S9CGB3.HillTop.Global,Microsoft Configuration Manager,Microsoft Corporation,DeployToVhd.exe,C:\Program Files (x86)\Microsoft Configuration Manager\bin\i386,ACDA4E2C0E6E76C7118A8F027748824892395925FF131923A84829D9F95C5C67,5535B577F9C8A8B8139CD7FA559B5C65
HTH9S9CGB3,HTH9S9CGB3.HillTop.Global,Microsoft Configuration Manager,Microsoft Corporation,ProcessProxy.exe,C:\Program Files (x86)\Microsoft Configuration Manager\bin\i386,E17DBD714167B8CB3FDDAA2D2D0CA9B9352F19D2CB972241CCECC3B00E880D43,B0F166C26DC51200B47C3AC32C3B498A
HTH9S9CGB3,HTH9S9CGB3.HillTop.Global,Microsoft Configuration Manager,Microsoft Corporation,statview.exe,C:\Program Files (x86)\Microsoft Configuration Manager\bin\i386,F48258BD3D47102A22B17F0CDC930FAD7D1C683A0A689C341843EF21FD26855B,2AF89AF6A286349C416E8E3C5D9E4FF0
HTH9S9CGB3,HTH9S9CGB3.HillTop.Global,Microsoft Configuration Manager,Microsoft Corporation,AdminUI.ConsoleBuilder.exe,C:\Program Files (x86)\Microsoft Configuration Manager\bin,9F05A322280F93BFF93ECF12A5D6A86E86E72181446922D0C2495D763C762FBC,E70467C5EDA76ECE5F41B12FAD9556B7
HTH9S9CGB3,HTH9S9CGB3.HillTop.Global,Microsoft Configuration Manager,Microsoft Corporation,AdminUI.ConsoleRestartHandler.exe,C:\Program Files (x86)\Microsoft Configuration Manager\bin,014F452A853400DE208B796206671D05296318EE23866FEA0B8AD663BFE7E0C6,968BDD31374657B9F5C4DCD0D0F5C4AC
HTH9S9CGB3,HTH9S9CGB3.HillTop.Global,Microsoft Configuration Manager,Microsoft Corporation,AdminUI.ExtensionInstaller.exe,C:\Program Files (x86)\Microsoft Configuration Manager\bin,FCB27F2366D25CBC10B282ED5CD7BE8437B0A860D8C9E725A1585C5C537F66DA,21DC9728D10C07F630D81E00AB7E0663
HTH9S9CGB3,HTH9S9CGB3.HillTop.Global,Microsoft Configuration Manager,Microsoft Corporation,AETGenerator.exe,C:\Program Files (x86)\Microsoft Configuration Manager\bin,593915F7963FC8DF13869F0C188781B7FDD9DAC13637FDA299E28C9BC3F5685B,F67E828A60D20A81088B4F7391402474
HTH9S9CGB3,HTH9S9CGB3.HillTop.Global,Microsoft Configuration Manager,Microsoft Corporation,ClientPushGenerator.exe,C:\Program Files (x86)\Microsoft Configuration Manager\bin,4AF55F84DE2FAB3FE97E148E0B751708AE6ABDD866FF9448E55D4EE0506080A4,E58D5321402D4BEF0EAA0EE2EB755901
HTH9S9CGB3,HTH9S9CGB3.HillTop.Global,Microsoft Configuration Manager,Microsoft Corporation,CMOneTrace.exe,C:\Program Files (x86)\Microsoft Configuration Manager\bin,1088EDFC27EA99B1DBC30B0020ED3C2579775A565AC5A33236DF54AC48254706,4317941C964597586647E1E70048B719
HTH9S9CGB3,HTH9S9CGB3.HillTop.Global,Microsoft Configuration Manager,Microsoft Corporation,CMPivot.exe,C:\Program Files (x86)\Microsoft Configuration Manager\bin,372AD181CED44E439308740E84ECAE2ACDED1BF9CAD72503C4595882EBEC7503,3CF3B3593DBFA337DF138C5D0A26397B
HTH9S9CGB3,HTH9S9CGB3.HillTop.Global,Microsoft Configuration Manager,Microsoft Corporation,CollectionAnalytics.exe,C:\Program Files (x86)\Microsoft Configuration Manager\bin,E8B8FC2A657BC86EA69F1E8F0FB2E0E5044BE7EA6F96819483123DFE0B3F8383,C47621025640FD77E479A6F4D31CAD44
HTH9S9CGB3,HTH9S9CGB3.HillTop.Global,Microsoft Configuration Manager,Microsoft Corporation,ConfigMgrSupportCenterViewer.exe,C:\Program Files (x86)\Microsoft Configuration Manager\bin,B66C7DA2BC20DF5FA12050DE679FFBD3DDE13AA039B030F54EEA053B9210DDC4,47646FCD42B37BC71BB8FB0DCA20DD1A
HTH9S9CGB3,HTH9S9CGB3.HillTop.Global,Microsoft Configuration Manager,Microsoft Corporation,Microsoft.ConfigurationManagement.exe,C:\Program Files (x86)\Microsoft Configuration Manager\bin,30B99C8EA62BE6E1392AD6DA27CB01F2A2877AA8B3EC5A80F3D4BB39FD8BC1F4,B831044EA317EA9545154AC95E694AFC
HTH9S9CGB3,HTH9S9CGB3.HillTop.Global,Microsoft Configuration Manager,Microsoft Corporation,Microsoft.ConfigurationManagement.UserCentric.PackageAnalyzer.exe,C:\Program Files (x86)\Microsoft Configuration Manager\bin,1CEF8575FB251AD1ECD22512D197E0AE5C9FF74C01FBB290F23C46505C947899,85C677FC04061672B9CD2F3413F10A72
HTH9S9CGB3,HTH9S9CGB3.HillTop.Global,Microsoft Configuration Manager,Microsoft Corporation,Microsoft.ConfigurationManager.ReplicationLinkAnalyzer.Wizard.exe,C:\Program Files (x86)\Microsoft Configuration Manager\bin,C2D6302E42C8A4774F5B55F2B4568CCFF9A21C9AE7A721E792590A0D270AEE9A,FB4D65F275C322579827D088F6F9F2C5
HTH9S9CGB3,HTH9S9CGB3.HillTop.Global,Microsoft Configuration Manager,Microsoft Corporation,RBAViewer.exe,C:\Program Files (x86)\Microsoft Configuration Manager\bin,6AC7EAA639D01C199B3EB5F4EFF7F6F300078E9639115B7A27CBDEC10C8F121C,19832A907F06A9FEE58BEA3373EA39F8
HTH9S9CGB3,HTH9S9CGB3.HillTop.Global,Microsoft Configuration Manager,Microsoft Corporation,ResourceExplorer.exe,C:\Program Files (x86)\Microsoft Configuration Manager\bin,59A0BE05A165C0811AA76ADB038FA1FE0EBF42768B3E802868EB4DADDEE965BD,066BB3FCDA515E49D9D20B0855AC9131
HTH9S9CGB3,HTH9S9CGB3.HillTop.Global,Microsoft Visual C++ 2015-2022 Redistributable (x86) - 14.42.34433,Microsoft Corporation,vcredist_x86.exe,C:\Program Files (x86)\Microsoft Configuration Manager\bin,DD1A8BE03398367745A87A5E35BEBDAB00FDAD080CF42AF0C3F20802D08C25D4,8A6F4F3282236325360A9AC4413B7BC3
HTH9S9CGB3,HTH9S9CGB3.HillTop.Global,Microsoft Configuration Manager,Microsoft Corporation,OSDBitLocker.exe,C:\Program Files (x86)\Microsoft Configuration Manager\OSD\bin\i386,3554B2BC50A3F30B7BAE3C5F353E334843FCAB9EB0414AF53ED17340643F2948,4042137736FE5E2380C7C3EB89725717
HTH9S9CGB3,HTH9S9CGB3.HillTop.Global,Microsoft Configuration Manager,Microsoft Corporation,OSDBitLocker_wtg.exe,C:\Program Files (x86)\Microsoft Configuration Manager\OSD\bin\i386,5782834C521FAF7F42FC9DF46F2CDF9E75A0C7F68E218AAE7C88AD3841F3DB45,AA1391061F3DCE48C960BB1357829218
HTH9S9CGB3,HTH9S9CGB3.HillTop.Global,Microsoft Configuration Manager,Microsoft Corporation,OsdCaptureCd.exe,C:\Program Files (x86)\Microsoft Configuration Manager\OSD\bin\i386,063106C639D43EE305E050EE6419806FED565EE6D13CEB77BE4835ED70EDE872,799A60EA0EBEF5E38AFDD941345D89ED
HTH9S9CGB3,HTH9S9CGB3.HillTop.Global,Microsoft Configuration Manager,Microsoft Corporation,OsdDiskPart.exe,C:\Program Files (x86)\Microsoft Configuration Manager\OSD\bin\i386,8308608A06A890D253D40A4CC3B8CF31F1A1357ED1CE88BA346173814C53BD0C,B146544702850F171A05EEFB5A1E1C23
HTH9S9CGB3,HTH9S9CGB3.HillTop.Global,Microsoft Configuration Manager,Microsoft Corporation,OSDDownloadContent.exe,C:\Program Files (x86)\Microsoft Configuration Manager\OSD\bin\i386,EA2572961BC8AABCD0C47F93067EECFB7F611522AA8440555F00F2B5C5F475FE,B72DA4D1F21ECA951B08FF2E344E6ECC
HTH9S9CGB3,HTH9S9CGB3.HillTop.Global,Microsoft Configuration Manager,Microsoft Corporation,OsdJoin.exe,C:\Program Files (x86)\Microsoft Configuration Manager\OSD\bin\i386,370A02C1E13F5EF37A2812C22D490C671B020BC8793CF96CBB6CE44C34D9B35D,ECE589AFC789D355A99AEBD473951E6C
HTH9S9CGB3,HTH9S9CGB3.HillTop.Global,Microsoft Configuration Manager,Microsoft Corporation,OsdMigrateUserState.exe,C:\Program Files (x86)\Microsoft Configuration Manager\OSD\bin\i386,8CEBFCCBD33F21D34A243A11B47E7FCFA4B304F2C9B76B9D04E385EB187C6E0A,EC709BB652D7AB389C5F6D4FD80D2116
HTH9S9CGB3,HTH9S9CGB3.HillTop.Global,Microsoft Configuration Manager,Microsoft Corporation,OsdNetSettings.exe,C:\Program Files (x86)\Microsoft Configuration Manager\OSD\bin\i386,FF99E56A51BFD7AB3555CA1901AE5D060FBF3C824789D188E2543A2207234B34,D8F9E66B2C5DA91C017AC2298C39331C
HTH9S9CGB3,HTH9S9CGB3.HillTop.Global,Microsoft Configuration Manager,Microsoft Corporation,OsdPrepareOS.exe,C:\Program Files (x86)\Microsoft Configuration Manager\OSD\bin\i386,A6977C5FD973D8B3761E8282C6DA73C01FCBC51C4A8379BE0FF73BE81ADAB4DA,4A447BC17CA4202DCCAC712610DF7358
HTH9S9CGB3,HTH9S9CGB3.HillTop.Global,Microsoft Configuration Manager,Microsoft Corporation,OsdPrepareSmsClient.exe,C:\Program Files (x86)\Microsoft Configuration Manager\OSD\bin\i386,D9F685170AFE9809FE4DAC025373C71DC7471BF67A9ED5AC95A1CC0EEAD1ECC2,AC6550BD2C2F03B77CE07D053D69F932
HTH9S9CGB3,HTH9S9CGB3.HillTop.Global,Microsoft Configuration Manager,Microsoft Corporation,OsdPrestartCheck.exe,C:\Program Files (x86)\Microsoft Configuration Manager\OSD\bin\i386,96CB1BEFA47814166009AFBCD9F7CE68D31E526AAE60E254EDBB3C96CBE525F0,7A5FE2D1A892BF4BE9140241E89EBA6C
HTH9S9CGB3,HTH9S9CGB3.HillTop.Global,Microsoft Configuration Manager,Microsoft Corporation,OSDRunPowerShellScript.exe,C:\Program Files (x86)\Microsoft Configuration Manager\OSD\bin\i386,908CFF372771E6AE30E1CDA4EDD7C6B333B10244B86D5DF956D012B82B37766E,BE468A6FB916B1ABA1AAA2D83303E9A0
HTH9S9CGB3,HTH9S9CGB3.HillTop.Global,Microsoft Configuration Manager,Microsoft Corporation,OSDSetDynamicVariables.exe,C:\Program Files (x86)\Microsoft Configuration Manager\OSD\bin\i386,AD8BB4CA52E618B378BEC2366149351BFA9B252FF5AA989B2B75856C6CE2B954,AEB83387CF9955712555D8FEA6D1FEA3
HTH9S9CGB3,HTH9S9CGB3.HillTop.Global,Microsoft Configuration Manager,Microsoft Corporation,OsdSetupWindows.exe,C:\Program Files (x86)\Microsoft Configuration Manager\OSD\bin\i386,F4AD9CC3CA58C4CDBD2BD90EDC845E73BCC7A0C2A36E7B187614F2A098BBA162,35BEFB12CCDC512CF239509421262A25
HTH9S9CGB3,HTH9S9CGB3.HillTop.Global,Microsoft Configuration Manager,Microsoft Corporation,OsdSmpClient.exe,C:\Program Files (x86)\Microsoft Configuration Manager\OSD\bin\i386,D66015AF624D8D4B6EA126E54CD10EA7AF1FCBED72FF3699DCEB3F7EAD0BE3E8,4BDAF8DDF2AB29C02BF9FDA05E381E4F
HTH9S9CGB3,HTH9S9CGB3.HillTop.Global,Microsoft Configuration Manager,Microsoft Corporation,OSDUpgradeOS.exe,C:\Program Files (x86)\Microsoft Configuration Manager\OSD\bin\i386,6EEADF91C92BA740E091260499A9E347D1E533816D1EB7D3B0C9ECF0ED33D0C0,114A09819D9FCE77D3A136D389EE6D0E
HTH9S9CGB3,HTH9S9CGB3.HillTop.Global,Microsoft Configuration Manager,Microsoft Corporation,OsdWinSettings.exe,C:\Program Files (x86)\Microsoft Configuration Manager\OSD\bin\i386,AA11C957F5811CDF76CC60EB321839227D7AC1E95F4F0AA6369D3B364C91A511,F17F4482155D55B53A977DA2EC89B889
HTH9S9CGB3,HTH9S9CGB3.HillTop.Global,Microsoft Configuration Manager,Microsoft Corporation,smsappinstall.exe,C:\Program Files (x86)\Microsoft Configuration Manager\OSD\bin\i386,18023163C7AA749DA25A48236CFA99C0D73868D7C978AF1244EFD9210F197FE1,F72C1770ACF7AAA59EDB61E4CC576480
HTH9S9CGB3,HTH9S9CGB3.HillTop.Global,Microsoft Configuration Manager,Microsoft Corporation,smsboot.exe,C:\Program Files (x86)\Microsoft Configuration Manager\OSD\bin\i386,3488DF3C77A656F3763DDB4ADB2875712DC4E201BE7F0D032B8B765030C2CC79,875985CC7B879EBEBEF224C3F7830A1D
HTH9S9CGB3,HTH9S9CGB3.HillTop.Global,Microsoft Configuration Manager,Microsoft Corporation,smsnetuse.exe,C:\Program Files (x86)\Microsoft Configuration Manager\OSD\bin\i386,44DC0B9BFC0F587009FE19E14F225148D04B54FE13637FA2CF7954FC08AD66EF,708E86F125EA5AA3CC0AAB5282A60F59
HTH9S9CGB3,HTH9S9CGB3.HillTop.Global,Microsoft Configuration Manager,Microsoft Corporation,smsswd.exe,C:\Program Files (x86)\Microsoft Configuration Manager\OSD\bin\i386,5482F0DD19D9F36498E4B76E72ADB420A3AE14072861D3FB11AC2F4BDCE33721,96CE9B8DDD2485F1C1A2ECC58DCADDFC
HTH9S9CGB3,HTH9S9CGB3.HillTop.Global,Microsoft Configuration Manager,Microsoft Corporation,TsBootShell.exe,C:\Program Files (x86)\Microsoft Configuration Manager\OSD\bin\i386,DD3C50A1CFEB519B656115E5CDBD8954F8CAC731177B9CBE0EBC02DF8BEDD6FE,3EC71B24CDB0A846948084A445F0B5F9
HTH9S9CGB3,HTH9S9CGB3.HillTop.Global,Microsoft Configuration Manager,Microsoft Corporation,TSD.exe,C:\Program Files (x86)\Microsoft Configuration Manager\OSD\bin\i386,5CDD794BFAB35CC02522A7FE4FF77A85FEF9E75234CA516EC09BA55E6497D07F,1A3E4CE73B430C9475BFCEBB7F0225A7
HTH9S9CGB3,HTH9S9CGB3.HillTop.Global,Microsoft Configuration Manager,Microsoft Corporation,TSEnv.exe,C:\Program Files (x86)\Microsoft Configuration Manager\OSD\bin\i386,87A28878C6D0A8B3EA7CFEE7C366316BD4F5BD7803223E0C94D5D70DFBDAB8F4,D05430C1249750736B09A57ED472F879
HTH9S9CGB3,HTH9S9CGB3.HillTop.Global,Microsoft Configuration Manager,Microsoft Corporation,TsInstallSWUpdate.exe,C:\Program Files (x86)\Microsoft Configuration Manager\OSD\bin\i386,590DB9F32E04F0FBFAD61F393B57D9EB2755570DDB15045FD115127D1E7D2D86,A216F0B54298D460494ABDF535EEF924
HTH9S9CGB3,HTH9S9CGB3.HillTop.Global,Microsoft Configuration Manager,Microsoft Corporation,TsManager.exe,C:\Program Files (x86)\Microsoft Configuration Manager\OSD\bin\i386,99C8AE7F543263C6804D7B4CA698B777B4242277CBF7F3E2245617AD4D3619A8,83D658FB9B3456A0A2FC918D521F267E
HTH9S9CGB3,HTH9S9CGB3.HillTop.Global,Microsoft Configuration Manager,Microsoft Corporation,TSMBAutorun.exe,C:\Program Files (x86)\Microsoft Configuration Manager\OSD\bin\i386,98739AED8FE36814487707BB294338EB23B43F31D4F4A8A7793425C73D26DBC1,70EB7535AA7E41D61795C5FB0AB47C26
HTH9S9CGB3,HTH9S9CGB3.HillTop.Global,Microsoft Configuration Manager,Microsoft Corporation,TsmBootstrap.exe,C:\Program Files (x86)\Microsoft Configuration Manager\OSD\bin\i386,DCA1C25F7082882E49AEE9F723CB52EB450DC7ED785311E4CEF61A6564CEA91F,CA8B95BDFBB8662297A05CD1E56F798E
HTH9S9CGB3,HTH9S9CGB3.HillTop.Global,Microsoft Configuration Manager,Microsoft Corporation,TSPLaunch.exe,C:\Program Files (x86)\Microsoft Configuration Manager\OSD\bin\i386,093953CABC97280D41078A3478B3D0CFDA9505F2C425A534B68BC612178788C0,8B6BCF5322D56815F6C065B4365805BB
HTH9S9CGB3,HTH9S9CGB3.HillTop.Global,Microsoft Configuration Manager,Microsoft Corporation,TsProgressUI.exe,C:\Program Files (x86)\Microsoft Configuration Manager\OSD\bin\i386,3F5EB01F0A89683246241F9E65925BD2ED241EAE0104D93229A1AB56C701139F,CCEC30C8F264153E5ED1FE8DC6A03240
HTH9S9CGB3,HTH9S9CGB3.HillTop.Global,Microsoft Configuration Manager,Microsoft Corporation,OSDBitLocker.exe,C:\Program Files (x86)\Microsoft Configuration Manager\OSD\bin\x64,6D51AE3CCE683D17AC772EB1B0DE8705059F7F8A86972C598710355C59FB841F,57DB255F36683CDC2AF568E2A5595DDF
HTH9S9CGB3,HTH9S9CGB3.HillTop.Global,Microsoft Configuration Manager,Microsoft Corporation,OSDBitLocker_wtg.exe,C:\Program Files (x86)\Microsoft Configuration Manager\OSD\bin\x64,0C71179096EA9D13B98DA193DC2C79F5472B929801FA00E2E2C84B3E2BD4A0B4,26AD98627E3C6F6D6B36626155787A20
HTH9S9CGB3,HTH9S9CGB3.HillTop.Global,Microsoft Configuration Manager,Microsoft Corporation,OsdCaptureCd.exe,C:\Program Files (x86)\Microsoft Configuration Manager\OSD\bin\x64,F1690DB02099EE311A9C2C88C05C09B25F50337207422EB6FBB4EFB7D54B1026,09409BAD2FBD7A593504365350F960D5
HTH9S9CGB3,HTH9S9CGB3.HillTop.Global,Microsoft Configuration Manager,Microsoft Corporation,OsdDiskPart.exe,C:\Program Files (x86)\Microsoft Configuration Manager\OSD\bin\x64,833A0B282F18ED7315DE04A7090EA1473FF7E6BABEC0ECDC2A66738677674299,BEB6D3EAB0803068FAE6CA8A0F83EAD9
HTH9S9CGB3,HTH9S9CGB3.HillTop.Global,Microsoft Configuration Manager,Microsoft Corporation,OSDDownloadContent.exe,C:\Program Files (x86)\Microsoft Configuration Manager\OSD\bin\x64,B00899B81C231052D0738FDDA0E2D3F2792A8FF53D4EB4A5F580615BB85ABE76,071D287E0EC724607E1AAD741CA54384
HTH9S9CGB3,HTH9S9CGB3.HillTop.Global,Microsoft Configuration Manager,Microsoft Corporation,OsdJoin.exe,C:\Program Files (x86)\Microsoft Configuration Manager\OSD\bin\x64,F1701B21519EFFA974FC701BEEF09D4E18078A326EE09899DE2D3A8A819D91FA,2280E41A22860BE26029489DC5FD21FB
HTH9S9CGB3,HTH9S9CGB3.HillTop.Global,Microsoft Configuration Manager,Microsoft Corporation,OsdMigrateUserState.exe,C:\Program Files (x86)\Microsoft Configuration Manager\OSD\bin\x64,60ECFC27987B198B878807E3BACBEE646BBF5DBC0B96ECB82A2718397FD31E30,3F675A775CAA7D2150DC59A81DE6BB7D
HTH9S9CGB3,HTH9S9CGB3.HillTop.Global,Microsoft Configuration Manager,Microsoft Corporation,OsdNetSettings.exe,C:\Program Files (x86)\Microsoft Configuration Manager\OSD\bin\x64,4C689284033F569A623A2D0F535823B55C6B7530ABBFF242492CE730496DAF45,4E3459824543416E746CB27198DCF8A3
HTH9S9CGB3,HTH9S9CGB3.HillTop.Global,Microsoft Configuration Manager,Microsoft Corporation,OsdPrepareOS.exe,C:\Program Files (x86)\Microsoft Configuration Manager\OSD\bin\x64,9B4F3C1042CF14D1DC1140027A2A79817FDB2B1C40FE362DF4CA2806570E29B1,96131FAFACF44458A9FDD2C2B87D03BE
HTH9S9CGB3,HTH9S9CGB3.HillTop.Global,Microsoft Configuration Manager,Microsoft Corporation,OsdPrepareSmsClient.exe,C:\Program Files (x86)\Microsoft Configuration Manager\OSD\bin\x64,9EE598FD3E93B6C45BE2F8D38880C0C2DDC01C492C2A00A62C1EFF96ED9ED300,EF4D2A9BCFA2D37BF0D1726287BBE9D0
HTH9S9CGB3,HTH9S9CGB3.HillTop.Global,Microsoft Configuration Manager,Microsoft Corporation,OsdPrestartCheck.exe,C:\Program Files (x86)\Microsoft Configuration Manager\OSD\bin\x64,EF737834424169A1A906A9E0B0DB279987A29FD438456FAFEDEFC70DB06E3DBC,C0A5F6F6A7A6B6D9FC2FCA64182D6BC8
HTH9S9CGB3,HTH9S9CGB3.HillTop.Global,Microsoft Configuration Manager,Microsoft Corporation,OSDRunPowerShellScript.exe,C:\Program Files (x86)\Microsoft Configuration Manager\OSD\bin\x64,05B28998F67FB187020E25242BB8D1AD194850B567DD640BCDCBB82C318D349F,BDC81468A6F3C4CB8D9C5B9B1B2AE33A
HTH9S9CGB3,HTH9S9CGB3.HillTop.Global,Microsoft Configuration Manager,Microsoft Corporation,OSDSetDynamicVariables.exe,C:\Program Files (x86)\Microsoft Configuration Manager\OSD\bin\x64,7E58C6C5A56C562294B3E77E73FF6C05CC184372704AE38A4191A34B0D6D5A7A,1E48DCA87EDBDEB536CFFF297679BCBF
HTH9S9CGB3,HTH9S9CGB3.HillTop.Global,Microsoft Configuration Manager,Microsoft Corporation,OsdSetupWindows.exe,C:\Program Files (x86)\Microsoft Configuration Manager\OSD\bin\x64,B33F70B3DF7E6568665BABB0CBE661C3A15180E9E9380AC2CEE695CDA1461D52,23A0D36EDA4938F2164607ED0F22059C
HTH9S9CGB3,HTH9S9CGB3.HillTop.Global,Microsoft Configuration Manager,Microsoft Corporation,OsdSmpClient.exe,C:\Program Files (x86)\Microsoft Configuration Manager\OSD\bin\x64,BD7281674A07C5FA8E4E79D94E12681690B13F106139AB0DEF0196212464083D,39C35C436C6411154EB5FF2FC8112302
HTH9S9CGB3,HTH9S9CGB3.HillTop.Global,Microsoft Configuration Manager,Microsoft Corporation,OSDUpgradeOS.exe,C:\Program Files (x86)\Microsoft Configuration Manager\OSD\bin\x64,9C790C1DD60D3787E4C8664623EC21193DDACC7581EAAB40FA58C4C8BF630E94,0B4F713ED4B9973DEB5CDA9B62350B74
HTH9S9CGB3,HTH9S9CGB3.HillTop.Global,Microsoft Configuration Manager,Microsoft Corporation,OsdWinSettings.exe,C:\Program Files (x86)\Microsoft Configuration Manager\OSD\bin\x64,A43C22EFE2D173E66E04F5845484F35C14F0FD7FF14AC8620A37F8F468614AEF,826B4185D6869B3F2DFDCEA2D529A82E
HTH9S9CGB3,HTH9S9CGB3.HillTop.Global,Microsoft Configuration Manager,Microsoft Corporation,smsappinstall.exe,C:\Program Files (x86)\Microsoft Configuration Manager\OSD\bin\x64,66C129A76846061E92517A7274B40819E03983FBCB98B540A997DFE2F78055DC,CF19DD941979CA6F6F79CBCC49D57037
HTH9S9CGB3,HTH9S9CGB3.HillTop.Global,Microsoft Configuration Manager,Microsoft Corporation,smsboot.exe,C:\Program Files (x86)\Microsoft Configuration Manager\OSD\bin\x64,CBF585744B0CEB35909B4AE99F81D983168776D067907A7BE22E5D18A1AEB3D7,A1BF7346A3E8DBBC6EC332D9245A68BE
HTH9S9CGB3,HTH9S9CGB3.HillTop.Global,Microsoft Configuration Manager,Microsoft Corporation,smsnetuse.exe,C:\Program Files (x86)\Microsoft Configuration Manager\OSD\bin\x64,A163686320AEF8FD8B921513966471F987D5388F2B6AF6EB555FD89FAD413584,89B39F6E640EF47645DB2A8C516F7490
HTH9S9CGB3,HTH9S9CGB3.HillTop.Global,Microsoft Configuration Manager,Microsoft Corporation,smsswd.exe,C:\Program Files (x86)\Microsoft Configuration Manager\OSD\bin\x64,3461BE1C23607B681D3E391829D987D66440AC0605388269747A75F16BC4E550,C90C626CA983EED7C208D10187C03885
HTH9S9CGB3,HTH9S9CGB3.HillTop.Global,Microsoft Configuration Manager,Microsoft Corporation,TsBootShell.exe,C:\Program Files (x86)\Microsoft Configuration Manager\OSD\bin\x64,CD4CB35E32915AEB6592C441E9897BEC28B458FDCC84A94C32DBB4D4BA71E99B,1EDDC06ADE4E6389F844D432F3712D33
HTH9S9CGB3,HTH9S9CGB3.HillTop.Global,Microsoft Configuration Manager,Microsoft Corporation,TSD.exe,C:\Program Files (x86)\Microsoft Configuration Manager\OSD\bin\x64,0D86AB0D328299E38EDE630A4B9A6854DD89A74E97A20B4C474C55456662684F,1258AA0170E88790525A42F4DE1834D5
HTH9S9CGB3,HTH9S9CGB3.HillTop.Global,Microsoft Configuration Manager,Microsoft Corporation,TSEnv.exe,C:\Program Files (x86)\Microsoft Configuration Manager\OSD\bin\x64,76324B5D1CE41C147A69CDF3F0E975358159B81645F942A0161B47294C6EB700,EC59C12B49EDFFB7E17690C35EFF548E
HTH9S9CGB3,HTH9S9CGB3.HillTop.Global,Microsoft Configuration Manager,Microsoft Corporation,TsInstallSWUpdate.exe,C:\Program Files (x86)\Microsoft Configuration Manager\OSD\bin\x64,B8CE2EA81A8BC026C2B41B39E3C320C7DEEBDA2E89031F9BBB6C5B62DDF1DD18,EC5DC36F941D2388DE06F61087A2F85D
HTH9S9CGB3,HTH9S9CGB3.HillTop.Global,Microsoft Configuration Manager,Microsoft Corporation,TsManager.exe,C:\Program Files (x86)\Microsoft Configuration Manager\OSD\bin\x64,A08F332FBD8DD354F4AB911880EBEDAEED65227EBBCD8CD5DDB3977B6E5EC94F,360446ED12A51AD006F8EFC0F7C38BF3
HTH9S9CGB3,HTH9S9CGB3.HillTop.Global,Microsoft Configuration Manager,Microsoft Corporation,TSMBAutorun.exe,C:\Program Files (x86)\Microsoft Configuration Manager\OSD\bin\x64,D7700A58EF782166CEC9647E7313238AD99A22392BAA31D538898AF675D98027,1A293C4D5FB851B4001C9FA138BA4E38
HTH9S9CGB3,HTH9S9CGB3.HillTop.Global,Microsoft Configuration Manager,Microsoft Corporation,TsmBootstrap.exe,C:\Program Files (x86)\Microsoft Configuration Manager\OSD\bin\x64,0AC2AD04DA67A1B229EB59C2A64E0518CD56E6127FAAE5F8BED3E1BE8696DCE8,F76F11FB1E5284BFBF7F56DAD1AA3373
HTH9S9CGB3,HTH9S9CGB3.HillTop.Global,Microsoft Configuration Manager,Microsoft Corporation,TSPLaunch.exe,C:\Program Files (x86)\Microsoft Configuration Manager\OSD\bin\x64,8BB82708C1BBB69C889B00E4A14295F762430D20FA4E73BF952B2691EBC8CCBE,6D4C8F73692EA70D27E647CA90F3DBB3
HTH9S9CGB3,HTH9S9CGB3.HillTop.Global,Microsoft Configuration Manager,Microsoft Corporation,TsProgressUI.exe,C:\Program Files (x86)\Microsoft Configuration Manager\OSD\bin\x64,B4E57DD6A7011466D6E30C10EB2599DDF68228A33B8584188F0F9E80413B62BC,D7994E91637CA3B4876BDFD518DA2BCA
HTH9S9CGB3,HTH9S9CGB3.HillTop.Global,Microsoft Help Viewer,Microsoft Corporation,HlpCtntMgr.exe,C:\Program Files (x86)\Microsoft Help Viewer\v2.3,71437B373B82BDD59F700AC5711B1C9174452F59415EB7A4580B511FB81FF9DC,D51AB97F933FEB19C971E7C423859AA4
HTH9S9CGB3,HTH9S9CGB3.HillTop.Global,Microsoft Help Viewer,Microsoft Corporation,HlpViewer.exe,C:\Program Files (x86)\Microsoft Help Viewer\v2.3,5EB0D821147DB682045BA23CCA17811F5845F4D4465BF37FC06E19DCB1E021CB,A41E0B9E32513E1BA85DBA18EF7018D3
HTH9S9CGB3,HTH9S9CGB3.HillTop.Global,OSPPREARM,Unknown,OSPPREARM.EXE,C:\Program Files (x86)\Microsoft Office\Office16,DABC9F5D9C989F9245B987280B57D91BC62DAC28AC5EA847F121EA025983DDED,BA4B0ED57925C0E5F084D25A6E583E71
HTH9S9CGB3,HTH9S9CGB3.HillTop.Global,Microsoft Office 2016,Microsoft Corporation,VPREVIEW.EXE,C:\Program Files (x86)\Microsoft Office\Office16,6D9E74C0DADD86A5079E35214316B3940EF4EA18148011B8E8332134BBDD7BC5,F124170DE342174FCBDE2D0A6D89EFE0
HTH9S9CGB3,HTH9S9CGB3.HillTop.Global,Microsoft Office,Microsoft Corporation,AppVDllSurrogate.exe,C:\Program Files (x86)\Microsoft Office\root\Client,80014CAB44D15CAFD068BF4D6AD8BA3A83CFF6521AB0FFE1C0A62338F6D697F6,FD137C9B4762FAA75F9076D6D0005C58
HTH9S9CGB3,HTH9S9CGB3.HillTop.Global,Microsoft Office,Microsoft Corporation,AppVDllSurrogate32.exe,C:\Program Files (x86)\Microsoft Office\root\Client,80014CAB44D15CAFD068BF4D6AD8BA3A83CFF6521AB0FFE1C0A62338F6D697F6,FD137C9B4762FAA75F9076D6D0005C58
HTH9S9CGB3,HTH9S9CGB3.HillTop.Global,Microsoft® Windows® Operating System,Microsoft Corporation,AppVDllSurrogate64.exe,C:\Program Files (x86)\Microsoft Office\root\Client,AECD3BA3BB5B0F3BA8372E3B27D35CC3A2181F545B1A0743A8D4282107A15398,D6DEFFC796231483B29ADF36F642E6D6
HTH9S9CGB3,HTH9S9CGB3.HillTop.Global,Microsoft Office,Microsoft Corporation,AppVLP.exe,C:\Program Files (x86)\Microsoft Office\root\Client,87544F67A2588BB9FBDFC01B7159DA7CE38DE067F0AE35B4E173CFE818C101EF,16A95BB525F35420CCD2EEF9E4F7C584
HTH9S9CGB3,HTH9S9CGB3.HillTop.Global,Microsoft Office,Microsoft Corporation,Integrator.exe,C:\Program Files (x86)\Microsoft Office\root\Integration,82DF19D501A4DBB3B8F950CD3EE31E62B581C792D7FF788BE531F9C5F99CAD27,DAA6D15C0A11606A19C8F3FD76562C2F
HTH9S9CGB3,HTH9S9CGB3.HillTop.Global,Microsoft ""Data Explorer"" Preview for Excel,Microsoft Corporation,Microsoft.Mashup.Container.Loader.exe,C:\Program Files (x86)\Microsoft Office\root\Office16\ADDINS\Microsoft Power Query for Excel Integrated\bin,DFFB6182831F6253BEC7ABDA2DB838F1DB4317866CCA6E69D1B6907262266C6F,C7AEEE92791916755289345578717F33
HTH9S9CGB3,HTH9S9CGB3.HillTop.Global,Microsoft.Mashup.Container.NetFX45,Microsoft Corporation,Microsoft.Mashup.Container.NetFX45.exe,C:\Program Files (x86)\Microsoft Office\root\Office16\ADDINS\Microsoft Power Query for Excel Integrated\bin,7B7682F3584C0E6B514C89BC7ADCAA8185DC95C32330D6BB2EDE98322CF5C831,BE5397908030796D073EF1A1DA86B900
HTH9S9CGB3,HTH9S9CGB3.HillTop.Global,Microsoft Office,Microsoft Corporation,Common.DBConnection.exe,C:\Program Files (x86)\Microsoft Office\root\Office16\DCF,A625D42B75E8C6DD56914B1860C159668EAD6930EFAD3C5139CDAD9D468AC977,30BA7FD99CEA9D4A345AFA3727DC1971
HTH9S9CGB3,HTH9S9CGB3.HillTop.Global,Microsoft Office,Microsoft Corporation,Common.DBConnection64.exe,C:\Program Files (x86)\Microsoft Office\root\Office16\DCF,BA5E22D12BB6B7E62B55BD1D02010DA89ACE16F26B8E3DD2BA496A808BDACBC0,6D5EA69A92A92E12D44028F1B1C817A0
HTH9S9CGB3,HTH9S9CGB3.HillTop.Global,Microsoft Office,Microsoft Corporation,Common.ShowHelp.exe,C:\Program Files (x86)\Microsoft Office\root\Office16\DCF,08F4C32ADFBBA0E9CC8AEB802749B79CCC7CB59761EF93DB67AC1797E71E85B4,7790480365E734BAA7DA28EFDCA1D912
HTH9S9CGB3,HTH9S9CGB3.HillTop.Global,Microsoft Office,Microsoft Corporation,DATABASECOMPARE.EXE,C:\Program Files (x86)\Microsoft Office\root\Office16\DCF,75B2AA15E52ECF49C676D489CD674E29C2EAECB213EC938F9468C8784155EFE3,B80184D079FC9EFD21E39EE28D2E9ACC
HTH9S9CGB3,HTH9S9CGB3.HillTop.Global,Microsoft Office,Microsoft Corporation,filecompare.exe,C:\Program Files (x86)\Microsoft Office\root\Office16\DCF,0B33EC4368EA5316D6CB51239531FF06DD420C8E84941E02D466CBB2EFCC8563,91B2C458D417DD1087BA2133E9AB95C6
HTH9S9CGB3,HTH9S9CGB3.HillTop.Global,Microsoft Office,Microsoft Corporation,SPREADSHEETCOMPARE.EXE,C:\Program Files (x86)\Microsoft Office\root\Office16\DCF,064B96114E02B42B2BB4CA42F983E2C8DD0ECCE01DB1A77B6CF089C900663D17,AEF5E15813AAC4FF4A6F518ED4486261
HTH9S9CGB3,HTH9S9CGB3.HillTop.Global,Microsoft Office,Microsoft Corporation,SKYPESERVER.EXE,C:\Program Files (x86)\Microsoft Office\root\Office16\SkypeSrv,65602297CF6C90B67F35FAB82AABEECB30AADA3CC73808901A86C1CECC0534EC,75155F28FEE1A4A7C206A2ACB7A0C157
HTH9S9CGB3,HTH9S9CGB3.HillTop.Global,Microsoft Office,Microsoft Corporation,ACCICONS.EXE,C:\Program Files (x86)\Microsoft Office\root\Office16,4CDF639214D2E29F246482F9A19D26D92FFA1BE86BA7CC9E1AC429DB47A25B3C,2BC3B9E507EFF3A7D1D4E1689AF91AB6
HTH9S9CGB3,HTH9S9CGB3.HillTop.Global,Microsoft Office,Microsoft Corporation,POWERPNT.EXE,C:\Program Files (x86)\Microsoft Office\root\Office16,D74E64B291747FF8D7D4CAA82D4518FE65D4674A2DAAC9F42C0DA43E0890D548,623C1C29ED885DA3640A2BE751811E61
HTH9S9CGB3,HTH9S9CGB3.HillTop.Global,Microsoft Office,Microsoft Corporation,PPTICO.EXE,C:\Program Files (x86)\Microsoft Office\root\Office16,F28210E099E3F3DC8E1298D98982D31B270043EB9A0ED81C232A8CFFA1B2349D,50388F64F675DEC3BF7F191068A3DA2D
HTH9S9CGB3,HTH9S9CGB3.HillTop.Global,Microsoft Office,Microsoft Corporation,protocolhandler.exe,C:\Program Files (x86)\Microsoft Office\root\Office16,9C1D17142EF9A5C6A552BE3397DC0A06E9627C27C82A050666EEB7AE2A13AF3E,C71D1717922AB8A19978267523ECF8BF
HTH9S9CGB3,HTH9S9CGB3.HillTop.Global,Microsoft Outlook,Microsoft Corporation,SCANPST.EXE,C:\Program Files (x86)\Microsoft Office\root\Office16,7B4F068B65A4FB3EE8FD6918F844A0467CB98CDFC9EFBF46BBC1E1E0BF1263F5,3A7C01E4C64E2586986FA37AA9B083F0
HTH9S9CGB3,HTH9S9CGB3.HillTop.Global,Microsoft Office,Microsoft Corporation,SDXHelper.exe,C:\Program Files (x86)\Microsoft Office\root\Office16,F0625BC51EBBD9CB1F4FAB86ACADD499196DEFF5CB46719F544A8F881F814559,BAE7CDB7E8883D0C6D33A234C0D5BE03
HTH9S9CGB3,HTH9S9CGB3.HillTop.Global,Microsoft Office,Microsoft Corporation,SDXHelperBgt.exe,C:\Program Files (x86)\Microsoft Office\root\Office16,9CD5282C7B6419871DA47E2F9B1514163214CEA09FD665BEC5E2C567ECB2AC74,9E5F680E300666B75D1035842EBEF4B0
HTH9S9CGB3,HTH9S9CGB3.HillTop.Global,SelfCert,Microsoft Corporation,SELFCERT.EXE,C:\Program Files (x86)\Microsoft Office\root\Office16,2EBA18B4AD4B390923BBF5C3F0685ECD0E984E2316D5E89CEF1CC49EA7C28269,D55E3C55B69333A7F50D6DBF0E144150
HTH9S9CGB3,HTH9S9CGB3.HillTop.Global,Microsoft Office,Microsoft Corporation,SETLANG.EXE,C:\Program Files (x86)\Microsoft Office\root\Office16,4182D18593D224EC8F06A30A3A2F5EA52A82373C4535749B810ACFD3F43B09FF,CEB2481ADF844D2DF0ECDE678C57927C
HTH9S9CGB3,HTH9S9CGB3.HillTop.Global,Microsoft Office,Microsoft Corporation,VPREVIEW.EXE,C:\Program Files (x86)\Microsoft Office\root\Office16,EE92A8B28B44F9C140B5E9E05A8366D42DA0860A95CC2D97BCD51A1F94308A21,F001F66F91645CD5F70A25A3F97C6FE0
HTH9S9CGB3,HTH9S9CGB3.HillTop.Global,Microsoft Office,Microsoft Corporation,WINWORD.EXE,C:\Program Files (x86)\Microsoft Office\root\Office16,7FDB502E4C1C34EF1793733E37A671D24C1714A83B423D7F7F1DE616DC38E319,C78535512847D7277BEEB17EF07C46F8
HTH9S9CGB3,HTH9S9CGB3.HillTop.Global,Microsoft Office,Microsoft Corporation,Wordconv.exe,C:\Program Files (x86)\Microsoft Office\root\Office16,BAFC45C5B864E5997E1667B61B8FDA81F403262A759408A43C4D6F55EEC7A268,211CB51696273C291557CDE7C63B4214
HTH9S9CGB3,HTH9S9CGB3.HillTop.Global,Microsoft Office,Microsoft Corporation,WORDICON.EXE,C:\Program Files (x86)\Microsoft Office\root\Office16,FAE0BDBEF3BC2C0FB4A519AE5BD865E600EB70130BC5C34E8E9AAFA5B66B4049,73466852460FC295F533483E3634AE96
HTH9S9CGB3,HTH9S9CGB3.HillTop.Global,Microsoft Office,Microsoft Corporation,XLICONS.EXE,C:\Program Files (x86)\Microsoft Office\root\Office16,003E41BAA3B3DCE0D8E4BC402ADA3433D2149B83C92E13FBC203F4A4CD0DE2C8,D69608E7221C2499F1BD3A7F6068B2FE
HTH9S9CGB3,HTH9S9CGB3.HillTop.Global,Artificial Intelligence,Microsoft Corporation,ai.exe,C:\Program Files (x86)\Microsoft Office\root\vfs\ProgramFilesCommonX64\Microsoft Shared\OFFICE16,CC037825B5741307C5E9C64BA4D905AE35E0FFF54DDA71DAF55EDAAFF093C0C4,B0136C348BE92D934F23CC398DF89F73
HTH9S9CGB3,HTH9S9CGB3.HillTop.Global,Artificial Intelligence,Microsoft Corporation,aimgr.exe,C:\Program Files (x86)\Microsoft Office\root\vfs\ProgramFilesCommonX64\Microsoft Shared\OFFICE16,43FAECC0A441BD1135F5232D1597115F9B47C9730705407BBB9AEC068F812463,7980970D98FC6589E5378B74B48017E5
HTH9S9CGB3,HTH9S9CGB3.HillTop.Global,Microsoft Office,Microsoft Corporation,MSOXMLED.EXE,C:\Program Files (x86)\Microsoft Office\root\vfs\ProgramFilesCommonX64\Microsoft Shared\OFFICE16,45968A72789E863D39AC1199A5122FD796D306A50C85A7CDD9B49291DECC8686,BCA8FEA862A9D859EB84CBF9E1646977
HTH9S9CGB3,HTH9S9CGB3.HillTop.Global,Microsoft® Office,Microsoft Corporation,OSPPSVC.EXE,C:\Program Files (x86)\Microsoft Office\root\vfs\ProgramFilesCommonX64\Microsoft Shared\OfficeSoftwareProtectionPlatform,967079CCF7B2CBD4B48C9F076675C26AF93A1CEC26C96811F279414E34004EE6,FE9C0029E1AF26350D9985D00520E5C8
HTH9S9CGB3,HTH9S9CGB3.HillTop.Global,Microsoft Office,Microsoft Corporation,DW20.EXE,C:\Program Files (x86)\Microsoft Office\root\vfs\ProgramFilesCommonX86\Microsoft Shared\DW,C6AE6CB6E9C0D8D68293C197EEC7D3AB0954ACC50D5E2FE27D63E30C5472EF75,1C6B34778EF85E3AC87DA56C95E7D696
HTH9S9CGB3,HTH9S9CGB3.HillTop.Global,eqnedt32,Unknown,eqnedt32.exe,C:\Program Files (x86)\Microsoft Office\root\vfs\ProgramFilesCommonX86\Microsoft Shared\EQUATION,E3B0C44298FC1C149AFBF4C8996FB92427AE41E4649B934CA495991B7852B855,D41D8CD98F00B204E9800998ECF8427E
HTH9S9CGB3,HTH9S9CGB3.HillTop.Global,Artificial Intelligence,Microsoft Corporation,ai.exe,C:\Program Files (x86)\Microsoft Office\root\vfs\ProgramFilesCommonX86\Microsoft Shared\OFFICE16,13CD96D675550299D298DFC6ECA3EB0214856F6B0DA70A7AC9C5158A11CE9D73,37CFC42E07963BDC78CB2DB9488D1B9D
HTH9S9CGB3,HTH9S9CGB3.HillTop.Global,Artificial Intelligence,Microsoft Corporation,aimgr.exe,C:\Program Files (x86)\Microsoft Office\root\vfs\ProgramFilesCommonX86\Microsoft Shared\OFFICE16,5BC4FB062FB4F36AFB8BFFF5C4B96B176A54342B57A190D0F3DA5D4E00BE89F3,FB5248A53C2BAC8FCBB09DA24188DEE3
HTH9S9CGB3,HTH9S9CGB3.HillTop.Global,Microsoft Office,Microsoft Corporation,FLTLDR.EXE,C:\Program Files (x86)\Microsoft Office\root\vfs\ProgramFilesCommonX86\Microsoft Shared\OFFICE16,03AFF10CA973B1E24231BC49A9BD64F76A8989AE5BE761E3EA018CD133CC2BBC,7DC020D119D28337166666D83D68ACBA
HTH9S9CGB3,HTH9S9CGB3.HillTop.Global,Microsoft Office,Microsoft Corporation,model3dtranscoderwin32.exe,C:\Program Files (x86)\Microsoft Office\root\vfs\ProgramFilesCommonX86\Microsoft Shared\OFFICE16,7EDCCBB25EC7FE5D9164561234E79A8E39C0F1FCC773FC64970071A8C7278068,6240535E8932C246B88F44C5663A3530
HTH9S9CGB3,HTH9S9CGB3.HillTop.Global,Microsoft Office,Microsoft Corporation,MSOICONS.EXE,C:\Program Files (x86)\Microsoft Office\root\vfs\ProgramFilesCommonX86\Microsoft Shared\OFFICE16,314AC505C83F0C28C17C27DB3023F7CBDA1214381E8D202FED807B764CBEAA3F,90AE74DCEED281233F1DB1DE25924376
HTH9S9CGB3,HTH9S9CGB3.HillTop.Global,Microsoft Office,Microsoft Corporation,MSOXMLED.EXE,C:\Program Files (x86)\Microsoft Office\root\vfs\ProgramFilesCommonX86\Microsoft Shared\OFFICE16,DDABAAFFAEBB5948B4E7DB66DEFB7E67BA058B0E034B517E8005985573FF726D,5CF3CDCEC170E3E583066A3394B2C439
HTH9S9CGB3,HTH9S9CGB3.HillTop.Global,Office Subscription Licensing Heartbeat,Microsoft Corporation,OLicenseHeartbeat.exe,C:\Program Files (x86)\Microsoft Office\root\vfs\ProgramFilesCommonX86\Microsoft Shared\OFFICE16,10C7062F00A2F173A425C9C919756B13EA91A8D26E9DB940B455ABA2E6D8FCA5,C6BC227A2B6349869C010237CC6059C7
HTH9S9CGB3,HTH9S9CGB3.HillTop.Global,Microsoft Office,Microsoft Corporation,SmartTagInstall.exe,C:\Program Files (x86)\Microsoft Office\root\vfs\ProgramFilesCommonX86\Microsoft Shared\Smart Tag,C192C477FD2E097AC183F33CCA338D73207755AC59CAEDDD861B5FCBBDFBC4C8,3EA61F65AC686CFCB5E8F61337EC7A90
HTH9S9CGB3,HTH9S9CGB3.HillTop.Global,Office Source Engine,Microsoft Corporation,OSE.EXE,C:\Program Files (x86)\Microsoft Office\root\vfs\ProgramFilesCommonX86\Microsoft Shared\Source Engine,B9C1E0D23654693EE8EDAF0B619FF8D4DE721244C95AF317666C64AF6A140DE8,09CD44C43B6B8160FF4AB53868B02CF0
HTH9S9CGB3,HTH9S9CGB3.HillTop.Global,Microsoft Office,Microsoft Corporation,AppSharingHookController64.exe,C:\Program Files (x86)\Microsoft Office\root\vfs\ProgramFilesX64\Microsoft Office\Office16,900016556006CF08216F1D325FE44583B2B3D30F661E77D3DDF8A0ECEF43EA74,8D9485607BF2CD50386DD9ABB193B21D
HTH9S9CGB3,HTH9S9CGB3.HillTop.Global,Microsoft Office,Microsoft Corporation,MSOHTMED.EXE,C:\Program Files (x86)\Microsoft Office\root\vfs\ProgramFilesX64\Microsoft Office\Office16,5BDF7CAC47F5A609F67BA2983140B7451C71FB4CF0D2A4C5D240FE2D4442A3C3,629F40C083014E8B03EB3FDB3AC9D8B0
HTH9S9CGB3,HTH9S9CGB3.HillTop.Global,Microsoft SQL Server,Microsoft Corporation,SQLDumper.exe,C:\Program Files (x86)\Microsoft Office\root\vfs\ProgramFilesX86\Microsoft Analysis Services\AS OLEDB\140,6EA30FFB810B684AABE2F16F74DE55FB41546A4A09E6A09B1F05D57B5BFF9518,CA9B0B5B9EFB0EEF5362388BA01E8C30
HTH9S9CGB3,HTH9S9CGB3.HillTop.Global,Microsoft Office,Microsoft Corporation,accicons.exe,C:\Program Files (x86)\Microsoft Office\root\vfs\Windows\Installer\{90160000-000F-0000-0000-0000000FF1CE},843983DB6FF5BA6134E973DAF90F0CF236F1398E1C04492B63789A70E084B470,455C872917B1C0C8227EEFDC6D3D5062
HTH9S9CGB3,HTH9S9CGB3.HillTop.Global,Microsoft Office,Microsoft Corporation,dbcicons.exe,C:\Program Files (x86)\Microsoft Office\root\vfs\Windows\Installer\{90160000-000F-0000-0000-0000000FF1CE},C265BC964165086C88F1AD8B3906D2441F2D8E8085BA00142DCE10177AF9221D,D52DD85A6D8C5762B95F50BFE1252E7F
HTH9S9CGB3,HTH9S9CGB3.HillTop.Global,Microsoft Office,Microsoft Corporation,grv_icons.exe,C:\Program Files (x86)\Microsoft Office\root\vfs\Windows\Installer\{90160000-000F-0000-0000-0000000FF1CE},7F98C8E79EB68FDBCBF96F630D84B17D431ECF3FAED51148CF0DDD9D7D4D2968,DD93C6B4CA8AA2143FC07DB0CFDC88DA
HTH9S9CGB3,HTH9S9CGB3.HillTop.Global,Microsoft Office,Microsoft Corporation,joticon.exe,C:\Program Files (x86)\Microsoft Office\root\vfs\Windows\Installer\{90160000-000F-0000-0000-0000000FF1CE},1AB3C432C057B62644BBA4B15878248FAEB26811B3899B19E808A3CA8F8D01C1,A15489AF25F63005714F7D785954DD85
HTH9S9CGB3,HTH9S9CGB3.HillTop.Global,Microsoft Office,Microsoft Corporation,lyncicon.exe,C:\Program Files (x86)\Microsoft Office\root\vfs\Windows\Installer\{90160000-000F-0000-0000-0000000FF1CE},53ED13B62ED0F252C6AD2B7F1AF13F75775227D950086A82D942CAF79657FEAE,04704954DA4F37827C77858060669001
HTH9S9CGB3,HTH9S9CGB3.HillTop.Global,Microsoft Office,Microsoft Corporation,misc.exe,C:\Program Files (x86)\Microsoft Office\root\vfs\Windows\Installer\{90160000-000F-0000-0000-0000000FF1CE},B7916EA9AA1C8EDF61FF6D92D007DB681AD3C323413BE7241304D2D06D701C3B,92F70E6892C870A0DFB3C0C531B1DFC7
HTH9S9CGB3,HTH9S9CGB3.HillTop.Global,Microsoft Office,Microsoft Corporation,osmclienticon.exe,C:\Program Files (x86)\Microsoft Office\root\vfs\Windows\Installer\{90160000-000F-0000-0000-0000000FF1CE},CC57EE6E677D21C168669F949778CBAA78188E1118D7AB77D66BF08091FE82F8,3F6F2C01E84E347FDB60CF34E1591C51
HTH9S9CGB3,HTH9S9CGB3.HillTop.Global,Microsoft Office,Microsoft Corporation,outicon.exe,C:\Program Files (x86)\Microsoft Office\root\vfs\Windows\Installer\{90160000-000F-0000-0000-0000000FF1CE},65C953B9F77082EB3D9034EA0C7EE3C9767E3511CB3F5928859355C69FD7CD9E,C3210FAF4849FC1D965ED22C3F2141B4
HTH9S9CGB3,HTH9S9CGB3.HillTop.Global,Microsoft Office,Microsoft Corporation,pj11icon.exe,C:\Program Files (x86)\Microsoft Office\root\vfs\Windows\Installer\{90160000-000F-0000-0000-0000000FF1CE},7FF18AFA3AE257E756FE3C8A20D6F9E4DB83DBF02476C6E06674FA71FA1D6B07,AD56E7101311D3E43AD723B94CADE675
HTH9S9CGB3,HTH9S9CGB3.HillTop.Global,Microsoft Office,Microsoft Corporation,pptico.exe,C:\Program Files (x86)\Microsoft Office\root\vfs\Windows\Installer\{90160000-000F-0000-0000-0000000FF1CE},E642A30CDF66E3B15C9938B1C5F75B64879D642B32558AB1936401CB91EB5EFC,707ECEAF7D66F25F1BF7E6C1677A47E9
HTH9S9CGB3,HTH9S9CGB3.HillTop.Global,Microsoft Office,Microsoft Corporation,pubs.exe,C:\Program Files (x86)\Microsoft Office\root\vfs\Windows\Installer\{90160000-000F-0000-0000-0000000FF1CE},41DEC028447D374D09576F181437E351EC21803F4C0E156406493D67F0BF3F30,A822FDCBE41E9BE2707330BB78752506
HTH9S9CGB3,HTH9S9CGB3.HillTop.Global,Microsoft Office,Microsoft Corporation,sscicons.exe,C:\Program Files (x86)\Microsoft Office\root\vfs\Windows\Installer\{90160000-000F-0000-0000-0000000FF1CE},C265BC964165086C88F1AD8B3906D2441F2D8E8085BA00142DCE10177AF9221D,D52DD85A6D8C5762B95F50BFE1252E7F
HTH9S9CGB3,HTH9S9CGB3.HillTop.Global,Microsoft Office,Microsoft Corporation,visicon.exe,C:\Program Files (x86)\Microsoft Office\root\vfs\Windows\Installer\{90160000-000F-0000-0000-0000000FF1CE},03DC1F0023853BE2B27B70AEC454C85E5F8856586BA0BCEA10FAA2DD625358CA,A26F090637BB87F8D1F1895BB69F364B
HTH9S9CGB3,HTH9S9CGB3.HillTop.Global,Microsoft Office,Microsoft Corporation,wordicon.exe,C:\Program Files (x86)\Microsoft Office\root\vfs\Windows\Installer\{90160000-000F-0000-0000-0000000FF1CE},FE161876FE6DFE918AE95AEEBCB8C7EA0540696233D189CD73BD22BF7DDFBB69,A4BDE9E12F6CC5B05C3DFC639CD198A8
HTH9S9CGB3,HTH9S9CGB3.HillTop.Global,Microsoft Office,Microsoft Corporation,xlicons.exe,C:\Program Files (x86)\Microsoft Office\root\vfs\Windows\Installer\{90160000-000F-0000-0000-0000000FF1CE},9AB1162D399FEE3A7AF1F37DAA361F4AF8C65985FEFC8A68578ECFD3BB05F779,70BA2DE44EC4A8121141B37CF4B62013
HTH9S9CGB3,HTH9S9CGB3.HillTop.Global,Microsoft Office,Microsoft Corporation,misc.exe,C:\Program Files (x86)\Microsoft Office\root\vfs\Windows\Installer\{90160000-001F-0409-0000-0000000FF1CE},B7916EA9AA1C8EDF61FF6D92D007DB681AD3C323413BE7241304D2D06D701C3B,92F70E6892C870A0DFB3C0C531B1DFC7
HTH9S9CGB3,HTH9S9CGB3.HillTop.Global,Microsoft Office,Microsoft Corporation,misc.exe,C:\Program Files (x86)\Microsoft Office\root\vfs\Windows\Installer\{90160000-001F-040C-0000-0000000FF1CE},B7916EA9AA1C8EDF61FF6D92D007DB681AD3C323413BE7241304D2D06D701C3B,92F70E6892C870A0DFB3C0C531B1DFC7
HTH9S9CGB3,HTH9S9CGB3.HillTop.Global,Microsoft Office,Microsoft Corporation,misc.exe,C:\Program Files (x86)\Microsoft Office\root\vfs\Windows\Installer\{90160000-001F-0C0A-0000-0000000FF1CE},B7916EA9AA1C8EDF61FF6D92D007DB681AD3C323413BE7241304D2D06D701C3B,92F70E6892C870A0DFB3C0C531B1DFC7
HTH9S9CGB3,HTH9S9CGB3.HillTop.Global,Microsoft Office,Microsoft Corporation,misc.exe,C:\Program Files (x86)\Microsoft Office\root\vfs\Windows\Installer\{90160000-006E-0409-0000-0000000FF1CE},B7916EA9AA1C8EDF61FF6D92D007DB681AD3C323413BE7241304D2D06D701C3B,92F70E6892C870A0DFB3C0C531B1DFC7
HTH9S9CGB3,HTH9S9CGB3.HillTop.Global,Microsoft Office,Microsoft Corporation,SDXHelper.exe,C:\Program Files (x86)\Microsoft Office\Updates\Download\PackageFiles\3DAA26E1-807B-4625-94DF-F7996B10E4F6\root\Office16,F0625BC51EBBD9CB1F4FAB86ACADD499196DEFF5CB46719F544A8F881F814559,BAE7CDB7E8883D0C6D33A234C0D5BE03
HTH9S9CGB3,HTH9S9CGB3.HillTop.Global,SelfCert,Microsoft Corporation,SELFCERT.EXE,C:\Program Files (x86)\Microsoft Office\Updates\Download\PackageFiles\3DAA26E1-807B-4625-94DF-F7996B10E4F6\root\Office16,2EBA18B4AD4B390923BBF5C3F0685ECD0E984E2316D5E89CEF1CC49EA7C28269,D55E3C55B69333A7F50D6DBF0E144150
HTH9S9CGB3,HTH9S9CGB3.HillTop.Global,Microsoft Office,Microsoft Corporation,SETLANG.EXE,C:\Program Files (x86)\Microsoft Office\Updates\Download\PackageFiles\3DAA26E1-807B-4625-94DF-F7996B10E4F6\root\Office16,4182D18593D224EC8F06A30A3A2F5EA52A82373C4535749B810ACFD3F43B09FF,CEB2481ADF844D2DF0ECDE678C57927C
HTH9S9CGB3,HTH9S9CGB3.HillTop.Global,Microsoft Office,Microsoft Corporation,VPREVIEW.EXE,C:\Program Files (x86)\Microsoft Office\Updates\Download\PackageFiles\3DAA26E1-807B-4625-94DF-F7996B10E4F6\root\Office16,EE92A8B28B44F9C140B5E9E05A8366D42DA0860A95CC2D97BCD51A1F94308A21,F001F66F91645CD5F70A25A3F97C6FE0
HTH9S9CGB3,HTH9S9CGB3.HillTop.Global,Microsoft Office,Microsoft Corporation,WINWORD.EXE,C:\Program Files (x86)\Microsoft Office\Updates\Download\PackageFiles\3DAA26E1-807B-4625-94DF-F7996B10E4F6\root\Office16,7FDB502E4C1C34EF1793733E37A671D24C1714A83B423D7F7F1DE616DC38E319,C78535512847D7277BEEB17EF07C46F8
HTH9S9CGB3,HTH9S9CGB3.HillTop.Global,Microsoft Office,Microsoft Corporation,Wordconv.exe,C:\Program Files (x86)\Microsoft Office\Updates\Download\PackageFiles\3DAA26E1-807B-4625-94DF-F7996B10E4F6\root\Office16,BAFC45C5B864E5997E1667B61B8FDA81F403262A759408A43C4D6F55EEC7A268,211CB51696273C291557CDE7C63B4214
HTH9S9CGB3,HTH9S9CGB3.HillTop.Global,Office Subscription Licensing Heartbeat,Microsoft Corporation,OLicenseHeartbeat.exe,C:\Program Files (x86)\Microsoft Office\Updates\Download\PackageFiles\3DAA26E1-807B-4625-94DF-F7996B10E4F6\root\vfs\ProgramFilesCommonX86\Microsoft Shared\Office16,10C7062F00A2F173A425C9C919756B13EA91A8D26E9DB940B455ABA2E6D8FCA5,C6BC227A2B6349869C010237CC6059C7
HTH9S9CGB3,HTH9S9CGB3.HillTop.Global,Microsoft Office,Microsoft Corporation,accicons.exe,C:\Program Files (x86)\Microsoft Office\Updates\Download\PackageFiles\3DAA26E1-807B-4625-94DF-F7996B10E4F6\root\vfs\Windows\Installer\{90160000-000F-0000-0000-0000000FF1CE},843983DB6FF5BA6134E973DAF90F0CF236F1398E1C04492B63789A70E084B470,455C872917B1C0C8227EEFDC6D3D5062
HTH9S9CGB3,HTH9S9CGB3.HillTop.Global,Microsoft Office,Microsoft Corporation,dbcicons.exe,C:\Program Files (x86)\Microsoft Office\Updates\Download\PackageFiles\3DAA26E1-807B-4625-94DF-F7996B10E4F6\root\vfs\Windows\Installer\{90160000-000F-0000-0000-0000000FF1CE},C265BC964165086C88F1AD8B3906D2441F2D8E8085BA00142DCE10177AF9221D,D52DD85A6D8C5762B95F50BFE1252E7F
HTH9S9CGB3,HTH9S9CGB3.HillTop.Global,Microsoft Office,Microsoft Corporation,grv_icons.exe,C:\Program Files (x86)\Microsoft Office\Updates\Download\PackageFiles\3DAA26E1-807B-4625-94DF-F7996B10E4F6\root\vfs\Windows\Installer\{90160000-000F-0000-0000-0000000FF1CE},7F98C8E79EB68FDBCBF96F630D84B17D431ECF3FAED51148CF0DDD9D7D4D2968,DD93C6B4CA8AA2143FC07DB0CFDC88DA
HTH9S9CGB3,HTH9S9CGB3.HillTop.Global,Microsoft Office,Microsoft Corporation,joticon.exe,C:\Program Files (x86)\Microsoft Office\Updates\Download\PackageFiles\3DAA26E1-807B-4625-94DF-F7996B10E4F6\root\vfs\Windows\Installer\{90160000-000F-0000-0000-0000000FF1CE},1AB3C432C057B62644BBA4B15878248FAEB26811B3899B19E808A3CA8F8D01C1,A15489AF25F63005714F7D785954DD85
HTH9S9CGB3,HTH9S9CGB3.HillTop.Global,Microsoft Office,Microsoft Corporation,lyncicon.exe,C:\Program Files (x86)\Microsoft Office\Updates\Download\PackageFiles\3DAA26E1-807B-4625-94DF-F7996B10E4F6\root\vfs\Windows\Installer\{90160000-000F-0000-0000-0000000FF1CE},53ED13B62ED0F252C6AD2B7F1AF13F75775227D950086A82D942CAF79657FEAE,04704954DA4F37827C77858060669001
HTH9S9CGB3,HTH9S9CGB3.HillTop.Global,Microsoft Office,Microsoft Corporation,misc.exe,C:\Program Files (x86)\Microsoft Office\Updates\Download\PackageFiles\3DAA26E1-807B-4625-94DF-F7996B10E4F6\root\vfs\Windows\Installer\{90160000-000F-0000-0000-0000000FF1CE},B7916EA9AA1C8EDF61FF6D92D007DB681AD3C323413BE7241304D2D06D701C3B,92F70E6892C870A0DFB3C0C531B1DFC7
HTH9S9CGB3,HTH9S9CGB3.HillTop.Global,Microsoft Office,Microsoft Corporation,osmclienticon.exe,C:\Program Files (x86)\Microsoft Office\Updates\Download\PackageFiles\3DAA26E1-807B-4625-94DF-F7996B10E4F6\root\vfs\Windows\Installer\{90160000-000F-0000-0000-0000000FF1CE},CC57EE6E677D21C168669F949778CBAA78188E1118D7AB77D66BF08091FE82F8,3F6F2C01E84E347FDB60CF34E1591C51
HTH9S9CGB3,HTH9S9CGB3.HillTop.Global,Microsoft Office,Microsoft Corporation,outicon.exe,C:\Program Files (x86)\Microsoft Office\Updates\Download\PackageFiles\3DAA26E1-807B-4625-94DF-F7996B10E4F6\root\vfs\Windows\Installer\{90160000-000F-0000-0000-0000000FF1CE},65C953B9F77082EB3D9034EA0C7EE3C9767E3511CB3F5928859355C69FD7CD9E,C3210FAF4849FC1D965ED22C3F2141B4
HTH9S9CGB3,HTH9S9CGB3.HillTop.Global,Microsoft Office,Microsoft Corporation,pj11icon.exe,C:\Program Files (x86)\Microsoft Office\Updates\Download\PackageFiles\3DAA26E1-807B-4625-94DF-F7996B10E4F6\root\vfs\Windows\Installer\{90160000-000F-0000-0000-0000000FF1CE},7FF18AFA3AE257E756FE3C8A20D6F9E4DB83DBF02476C6E06674FA71FA1D6B07,AD56E7101311D3E43AD723B94CADE675
HTH9S9CGB3,HTH9S9CGB3.HillTop.Global,Microsoft Office,Microsoft Corporation,pptico.exe,C:\Program Files (x86)\Microsoft Office\Updates\Download\PackageFiles\3DAA26E1-807B-4625-94DF-F7996B10E4F6\root\vfs\Windows\Installer\{90160000-000F-0000-0000-0000000FF1CE},E642A30CDF66E3B15C9938B1C5F75B64879D642B32558AB1936401CB91EB5EFC,707ECEAF7D66F25F1BF7E6C1677A47E9
HTH9S9CGB3,HTH9S9CGB3.HillTop.Global,Microsoft Office,Microsoft Corporation,pubs.exe,C:\Program Files (x86)\Microsoft Office\Updates\Download\PackageFiles\3DAA26E1-807B-4625-94DF-F7996B10E4F6\root\vfs\Windows\Installer\{90160000-000F-0000-0000-0000000FF1CE},41DEC028447D374D09576F181437E351EC21803F4C0E156406493D67F0BF3F30,A822FDCBE41E9BE2707330BB78752506
HTH9S9CGB3,HTH9S9CGB3.HillTop.Global,Microsoft Office,Microsoft Corporation,sscicons.exe,C:\Program Files (x86)\Microsoft Office\Updates\Download\PackageFiles\3DAA26E1-807B-4625-94DF-F7996B10E4F6\root\vfs\Windows\Installer\{90160000-000F-0000-0000-0000000FF1CE},C265BC964165086C88F1AD8B3906D2441F2D8E8085BA00142DCE10177AF9221D,D52DD85A6D8C5762B95F50BFE1252E7F
HTH9S9CGB3,HTH9S9CGB3.HillTop.Global,Microsoft Office,Microsoft Corporation,visicon.exe,C:\Program Files (x86)\Microsoft Office\Updates\Download\PackageFiles\3DAA26E1-807B-4625-94DF-F7996B10E4F6\root\vfs\Windows\Installer\{90160000-000F-0000-0000-0000000FF1CE},03DC1F0023853BE2B27B70AEC454C85E5F8856586BA0BCEA10FAA2DD625358CA,A26F090637BB87F8D1F1895BB69F364B
HTH9S9CGB3,HTH9S9CGB3.HillTop.Global,Microsoft Office,Microsoft Corporation,wordicon.exe,C:\Program Files (x86)\Microsoft Office\Updates\Download\PackageFiles\3DAA26E1-807B-4625-94DF-F7996B10E4F6\root\vfs\Windows\Installer\{90160000-000F-0000-0000-0000000FF1CE},FE161876FE6DFE918AE95AEEBCB8C7EA0540696233D189CD73BD22BF7DDFBB69,A4BDE9E12F6CC5B05C3DFC639CD198A8
HTH9S9CGB3,HTH9S9CGB3.HillTop.Global,Microsoft Office,Microsoft Corporation,xlicons.exe,C:\Program Files (x86)\Microsoft Office\Updates\Download\PackageFiles\3DAA26E1-807B-4625-94DF-F7996B10E4F6\root\vfs\Windows\Installer\{90160000-000F-0000-0000-0000000FF1CE},9AB1162D399FEE3A7AF1F37DAA361F4AF8C65985FEFC8A68578ECFD3BB05F779,70BA2DE44EC4A8121141B37CF4B62013
HTH9S9CGB3,HTH9S9CGB3.HillTop.Global,Microsoft Office,Microsoft Corporation,misc.exe,C:\Program Files (x86)\Microsoft Office\Updates\Download\PackageFiles\3DAA26E1-807B-4625-94DF-F7996B10E4F6\root\vfs\Windows\Installer\{90160000-001F-0409-0000-0000000FF1CE},B7916EA9AA1C8EDF61FF6D92D007DB681AD3C323413BE7241304D2D06D701C3B,92F70E6892C870A0DFB3C0C531B1DFC7
HTH9S9CGB3,HTH9S9CGB3.HillTop.Global,Microsoft Office,Microsoft Corporation,misc.exe,C:\Program Files (x86)\Microsoft Office\Updates\Download\PackageFiles\3DAA26E1-807B-4625-94DF-F7996B10E4F6\root\vfs\Windows\Installer\{90160000-001F-040C-0000-0000000FF1CE},B7916EA9AA1C8EDF61FF6D92D007DB681AD3C323413BE7241304D2D06D701C3B,92F70E6892C870A0DFB3C0C531B1DFC7
HTH9S9CGB3,HTH9S9CGB3.HillTop.Global,Microsoft Office,Microsoft Corporation,misc.exe,C:\Program Files (x86)\Microsoft Office\Updates\Download\PackageFiles\3DAA26E1-807B-4625-94DF-F7996B10E4F6\root\vfs\Windows\Installer\{90160000-001F-0C0A-0000-0000000FF1CE},B7916EA9AA1C8EDF61FF6D92D007DB681AD3C323413BE7241304D2D06D701C3B,92F70E6892C870A0DFB3C0C531B1DFC7
HTH9S9CGB3,HTH9S9CGB3.HillTop.Global,Microsoft Office,Microsoft Corporation,misc.exe,C:\Program Files (x86)\Microsoft Office\Updates\Download\PackageFiles\3DAA26E1-807B-4625-94DF-F7996B10E4F6\root\vfs\Windows\Installer\{90160000-006E-0409-0000-0000000FF1CE},B7916EA9AA1C8EDF61FF6D92D007DB681AD3C323413BE7241304D2D06D701C3B,92F70E6892C870A0DFB3C0C531B1DFC7
HTH9S9CGB3,HTH9S9CGB3.HillTop.Global,Microsoft SQL Server,Microsoft Corporation,AzureDTExec.exe,C:\Program Files (x86)\Microsoft SQL Server Management Studio 18\Common7\IDE\CommonExtensions\Microsoft\SSIS\150\Binn,1476F542D7EC0A65C1E16D92DD58CB94D6852FA477782FB0086A063596958FCC,8F4DF4E84AB6298B9406D569D5170FA7
HTH9S9CGB3,HTH9S9CGB3.HillTop.Global,Microsoft SQL Server,Microsoft Corporation,AzureDTExecConfigUI.exe,C:\Program Files (x86)\Microsoft SQL Server Management Studio 18\Common7\IDE\CommonExtensions\Microsoft\SSIS\150\Binn,215414E555D05F982CD3FCEB97CDBF92D522DF59EBC1D9248E007DAA06FDE77F,1EEC9CBA9BCBBB5631D35F8DC0059B18
HTH9S9CGB3,HTH9S9CGB3.HillTop.Global,Microsoft SQL Server,Microsoft Corporation,DataProfileViewer.exe,C:\Program Files (x86)\Microsoft SQL Server Management Studio 18\Common7\IDE\CommonExtensions\Microsoft\SSIS\150\Binn,B04305474AAC29F93E579BAA4476B71531359EDC666D43D73B8CCED12D7BAFA1,7FFAEC5C3094FA0DD4CD8578EC227946
HTH9S9CGB3,HTH9S9CGB3.HillTop.Global,Microsoft SQL Server,Microsoft Corporation,DTExec.exe,C:\Program Files (x86)\Microsoft SQL Server Management Studio 18\Common7\IDE\CommonExtensions\Microsoft\SSIS\150\Binn,88F18A6C2541A4F72B4931D78A3ECEC0CC9B12F1E46C758EFFD810D10F838D24,216A49191404705CB76551AAC072FA58
HTH9S9CGB3,HTH9S9CGB3.HillTop.Global,Microsoft SQL Server,Microsoft Corporation,DTExecUI.exe,C:\Program Files (x86)\Microsoft SQL Server Management Studio 18\Common7\IDE\CommonExtensions\Microsoft\SSIS\150\Binn,FD4AF3660D192AF92BAEC3D727A79FDDEAD6BB1948A14BD27B21B365C1D11645,99FA44CB314475508BD44E8BA538BC5A
HTH9S9CGB3,HTH9S9CGB3.HillTop.Global,Microsoft SQL Server,Microsoft Corporation,DtsHost.exe,C:\Program Files (x86)\Microsoft SQL Server Management Studio 18\Common7\IDE\CommonExtensions\Microsoft\SSIS\150\Binn,6938B520130F75F6BFDF3177A9C9DC9A645671B3B29875B3F6CA87206CE71BDB,910BA93A0817DA75D7B587BF9D359D84
HTH9S9CGB3,HTH9S9CGB3.HillTop.Global,Microsoft SQL Server,Microsoft Corporation,DTSInstall.exe,C:\Program Files (x86)\Microsoft SQL Server Management Studio 18\Common7\IDE\CommonExtensions\Microsoft\SSIS\150\Binn,F8166BFB7B1BFCAB3A0C797195B10F64E7DEDC9AFEF5993529AA5A41B88B4262,4777ADBF9BCF20CF6660D069E937AD2D
HTH9S9CGB3,HTH9S9CGB3.HillTop.Global,Microsoft SQL Server,Microsoft Corporation,DTSWizard.exe,C:\Program Files (x86)\Microsoft SQL Server Management Studio 18\Common7\IDE\CommonExtensions\Microsoft\SSIS\150\Binn,44D0B9C0015EBA765FDB49A2EEAC85CD67A9E2E7FE07C7DB8DE56A2228C428F0,CFC52FCDA0BD88A48DD5AC8118B78AEB
HTH9S9CGB3,HTH9S9CGB3.HillTop.Global,Microsoft SQL Server,Microsoft Corporation,DTUtil.exe,C:\Program Files (x86)\Microsoft SQL Server Management Studio 18\Common7\IDE\CommonExtensions\Microsoft\SSIS\150\Binn,789E394BD5214D580F4EAD7B42A9E72E23A2671BC504180058D7504996C4661D,1F4BC787891BCD78AF96D2E7DA4811CC
HTH9S9CGB3,HTH9S9CGB3.HillTop.Global,Microsoft SQL Server,Microsoft Corporation,ISDataFeedPublishingWizard.exe,C:\Program Files (x86)\Microsoft SQL Server Management Studio 18\Common7\IDE\CommonExtensions\Microsoft\SSIS\150\Binn,B1143BBA6484E8C2020CD9F69391F20CA0A2EF0AC810E51EF8C982FE32B2C699,EC53C3D9BA5069FE14C3D589DFEF9844
HTH9S9CGB3,HTH9S9CGB3.HillTop.Global,Microsoft SQL Server,Microsoft Corporation,ISDeploymentWizard.exe,C:\Program Files (x86)\Microsoft SQL Server Management Studio 18\Common7\IDE\CommonExtensions\Microsoft\SSIS\150\Binn,BD0CA58C51F6484CA74C4225E3EE70E1F22F16572688352EF704BACB5A2AEB97,729DCBBD1FE2A18ACD686D29137544EB
HTH9S9CGB3,HTH9S9CGB3.HillTop.Global,Microsoft SQL Server,Microsoft Corporation,ISIRCreationWizard.exe,C:\Program Files (x86)\Microsoft SQL Server Management Studio 18\Common7\IDE\CommonExtensions\Microsoft\SSIS\150\Binn,B04B7E6B950F3B4D2C929D3281640582AED47E8C681DC69D17DF7789B06193B4,D41C1DD403E3D968CF0A4EA8C152B91C
HTH9S9CGB3,HTH9S9CGB3.HillTop.Global,Microsoft SQL Server,Microsoft Corporation,ISProjectWizard.exe,C:\Program Files (x86)\Microsoft SQL Server Management Studio 18\Common7\IDE\CommonExtensions\Microsoft\SSIS\150\Binn,543F21A3D798C695C9061146C2A9E571F024725BD80224C172BD777563302B0F,35D6ACB5D3990C87BE8B2CF84E1A2ADF
HTH9S9CGB3,HTH9S9CGB3.HillTop.Global,Microsoft SQL Server,Microsoft Corporation,ManagementTool.exe,C:\Program Files (x86)\Microsoft SQL Server Management Studio 18\Common7\IDE\CommonExtensions\Microsoft\SSIS\150\Binn,45EA3B1B68281272948E78A56B85265BEF7E5F40B4C1D1378FA3D009F6DBF532,6B6E29CCBA4D6971735F08662BD4FAA8
HTH9S9CGB3,HTH9S9CGB3.HillTop.Global,Microsoft SQL Server,Microsoft Corporation,SSISUpgrade.exe,C:\Program Files (x86)\Microsoft SQL Server Management Studio 18\Common7\IDE\CommonExtensions\Microsoft\SSIS\150\Binn,C6276812A3A3C44C61A2818643DB69C1FDFF6B4560B64808D6FFEBC891AEA43F,02E1A7D3B683B425FD163030D7D71A2D
HTH9S9CGB3,HTH9S9CGB3.HillTop.Global,Winrt2Ts,Unknown,Winrt2Ts.exe,C:\Program Files (x86)\Microsoft SQL Server Management Studio 18\Common7\IDE\CommonExtensions\Microsoft\typescript,8A2BF857013978C668EC0DA715C55E5BB9026FD9F874CF9C690BF2A3347D1DA7,3E0EED1F0F25C81F930BE76ED00E4D55
HTH9S9CGB3,HTH9S9CGB3.HillTop.Global,Microsoft ® Visual Studio ®,Microsoft Corporation,jsgen.exe,C:\Program Files (x86)\Microsoft SQL Server Management Studio 18\Common7\IDE\CommonExtensions\Microsoft\WebClient\Language Service,B317CA0ED69584CB8B14BD114382885B19822871422C71238E15E81EC8235D3A,CE324B92F5349CDFBE5C73A0946A09B3
HTH9S9CGB3,HTH9S9CGB3.HillTop.Global,Microsoft® Visual Studio®,Microsoft Corporation,VsDebugConsole.exe,C:\Program Files (x86)\Microsoft SQL Server Management Studio 18\Common7\IDE\CommonExtensions\Platform\Debugger,BE0345620E514DD20388C54BCCCF05B6E8EC97A6799B8B972D3DD69198AA78FD,63ED69F4BEFAB94F36C451BF6EDE4452
HTH9S9CGB3,HTH9S9CGB3.HillTop.Global,Microsoft® Mashup Runtime,Microsoft Corporation,Microsoft.Mashup.Container.exe,C:\Program Files (x86)\Microsoft SQL Server Management Studio 18\Common7\IDE\Mashup,1150BE54D42B2BBAA0BB3557CBEA873E4C73FA398F04697D28B5107580AA0639,0781331F61DF7AEDBE1B2E2652B17F54
HTH9S9CGB3,HTH9S9CGB3.HillTop.Global,Microsoft® Mashup Runtime,Microsoft Corporation,Microsoft.Mashup.Container.NetFX40.exe,C:\Program Files (x86)\Microsoft SQL Server Management Studio 18\Common7\IDE\Mashup,70F27FF3073D72E398D14B98F0C436906E25D049548EF91B5E539EF7A3FB688D,D362102109561B57CB121721BE505513
HTH9S9CGB3,HTH9S9CGB3.HillTop.Global,Microsoft® Mashup Runtime,Microsoft Corporation,Microsoft.Mashup.Container.NetFX45.exe,C:\Program Files (x86)\Microsoft SQL Server Management Studio 18\Common7\IDE\Mashup,F41414AEB87D42FBA45499D6114E47E225FE722FE7B849B809139066ED4F4D6B,08E74E73F9CC9D74643E6CCBB42ADE43
HTH9S9CGB3,HTH9S9CGB3.HillTop.Global,Visual Studio,Microsoft Corporation,CheckHyperVHost.exe,C:\Program Files (x86)\Microsoft SQL Server Management Studio 18\Common7\IDE\PrivateAssemblies,83DF189FB2C95E487E11B07641300B350743B6725894BF5BA1E6038564CE7F11,569F2080D1507210B99418CBFB5FB806
HTH9S9CGB3,HTH9S9CGB3.HillTop.Global,Microsoft® Visual Studio®,Microsoft Corporation,AppxDebugSysTray.exe,C:\Program Files (x86)\Microsoft SQL Server Management Studio 18\Common7\IDE\Remote Debugger\Appx,2D70770732A8FC80883DAEB665A9937A81506A38E1AE65E35795CEEDDF3EBEB2,4A52A4298E49FA7025B4FFB96BB0B5FC
HTH9S9CGB3,HTH9S9CGB3.HillTop.Global,Microsoft® Visual Studio®,Microsoft Corporation,msvsmon.exe,C:\Program Files (x86)\Microsoft SQL Server Management Studio 18\Common7\IDE\Remote Debugger\x64,3A004550326426BB8F73EF608A44CA8DCDF96057EF558F7D15561955581F9450,245C2CC30C4B51D441AA5F9A99216E97
HTH9S9CGB3,HTH9S9CGB3.HillTop.Global,Microsoft® Visual Studio®,Microsoft Corporation,VsDebugLaunchNotify.exe,C:\Program Files (x86)\Microsoft SQL Server Management Studio 18\Common7\IDE\Remote Debugger\x64,A63EE59D3F3953B1C70CA8193D2148B5F7A1FD422229F585A2AD99B9D641485E,9B212BCF8150BBD6A41C77DB1AAFBF40
HTH9S9CGB3,HTH9S9CGB3.HillTop.Global,Microsoft® Visual Studio®,Microsoft Corporation,VsDebugWERHelper.exe,C:\Program Files (x86)\Microsoft SQL Server Management Studio 18\Common7\IDE\Remote Debugger\x64,6B4BA6280CE7DC3097197AB7E9F709FBEC30F33E599053A8A0FF762A56CD9292,D2C70BDA6309F6691D4C1DC6B1474981
HTH9S9CGB3,HTH9S9CGB3.HillTop.Global,Microsoft® Visual Studio®,Microsoft Corporation,msvsmon.exe,C:\Program Files (x86)\Microsoft SQL Server Management Studio 18\Common7\IDE\Remote Debugger\x86,764C1C4FC0AD0932C8426821119436F09FA7D254DE16980A4C453904C356468A,D3EDCE7109FB7B4C5CBF0E1CE0C113F6
HTH9S9CGB3,HTH9S9CGB3.HillTop.Global,Microsoft® Visual Studio®,Microsoft Corporation,VsDebugLaunchNotify.exe,C:\Program Files (x86)\Microsoft SQL Server Management Studio 18\Common7\IDE\Remote Debugger\x86,0364E4C75EC32EDCF8F59AC52BF684C97C62E7C2D474F24561A47DA80FC22361,9509C27C4085F33662CB8422392EB697
HTH9S9CGB3,HTH9S9CGB3.HillTop.Global,Microsoft® Visual Studio®,Microsoft Corporation,VsDebugWERHelper.exe,C:\Program Files (x86)\Microsoft SQL Server Management Studio 18\Common7\IDE\Remote Debugger\x86,673AB2AD2350F802BF4AB566C595D7C9FB28D756E220774B6E9401C15FE1AC9F,DDBC42FAC53A694A603D250267AE20BE
HTH9S9CGB3,HTH9S9CGB3.HillTop.Global,Microsoft® Visual Studio®,Microsoft Corporation,Microsoft.XslDebugger.Host.exe,C:\Program Files (x86)\Microsoft SQL Server Management Studio 18\Common7\IDE\Xml,C5FAE6E64F249CB290C8E2C6142FED78DAE74521606A6CD31DAB92F535203F89,F42C46C16CA8F51BECE9141FD1512C72
HTH9S9CGB3,HTH9S9CGB3.HillTop.Global,Microsoft SQL Server,Microsoft Corporation,ASInstanceRename.exe,C:\Program Files (x86)\Microsoft SQL Server Management Studio 18\Common7\IDE,4819B6664EFE288ED05B1E021D180E43FFD2AC306012A7C25AC5F75043804823,42B3BC5AA36F1807D1335E39FC6E8B74
HTH9S9CGB3,HTH9S9CGB3.HillTop.Global,Microsoft SQL Server,Microsoft Corporation,ConflictViewer.exe,C:\Program Files (x86)\Microsoft SQL Server Management Studio 18\Common7\IDE,49C02B13ED7E16586F49E8BEA399111116B502A0BDBF896447E8B49A97BAE3C8,63B5322719E1CA8A98A5FB2D83E432C4
HTH9S9CGB3,HTH9S9CGB3.HillTop.Global,Microsoft SQL Server,Microsoft Corporation,ControlService.exe,C:\Program Files (x86)\Microsoft SQL Server Management Studio 18\Common7\IDE,BF3F3ACD12F1BFCFC4786F4790A8896DFBC36BA3C6A1F7949E2E3469DF485B0B,6D0640E872DBC2B75AB55FC5AA5EABCD
HTH9S9CGB3,HTH9S9CGB3.HillTop.Global,Microsoft SQL Server,Microsoft Corporation,CopyDatabaseWizard.exe,C:\Program Files (x86)\Microsoft SQL Server Management Studio 18\Common7\IDE,8DB211FD04A1714F43F3B78EEFBADB032F5D2E8AA309746AECC29C6568AEEBCD,24FCAE30C6337F8EFA9ECD2702FCEF8A
HTH9S9CGB3,HTH9S9CGB3.HillTop.Global,Microsoft SQL Server,Microsoft Corporation,DatabaseMailWizard.exe,C:\Program Files (x86)\Microsoft SQL Server Management Studio 18\Common7\IDE,CD86D34CC2FC360CCAEC7D80566B314CB01E8BAEA1A23D19D589D6C623077976,991F57C016EAD0EEE287068231647943
HTH9S9CGB3,HTH9S9CGB3.HillTop.Global,Microsoft® Visual Studio®,Microsoft Corporation,DDConfigCA.exe,C:\Program Files (x86)\Microsoft SQL Server Management Studio 18\Common7\IDE,5F1DC22108FBED7EEF7A4E8FEB7AE8EC457F7C7A1A5E1CFF66948928B641B274,6779A8E34BD9626F5ED9F67F3F725382
HTH9S9CGB3,HTH9S9CGB3.HillTop.Global,Microsoft® Visual Studio®,Microsoft Corporation,FeedbackCollector.exe,C:\Program Files (x86)\Microsoft SQL Server Management Studio 18\Common7\IDE,25763D37D9BF30935A04D29BD990683BB4286CB42AED051E34ED1AD1C2B19C7C,C0C1CA432EF2E9CE36C360906D00D2EA
HTH9S9CGB3,HTH9S9CGB3.HillTop.Global,Microsoft SQL Server,Microsoft Corporation,Microsoft.AnalysisServices.Deployment.exe,C:\Program Files (x86)\Microsoft SQL Server Management Studio 18\Common7\IDE,07E5073C899BAEF4FDAF114E490A964EE7D6E45399B793C2646F8D583E689AEC,62194DE67EC48C9C1193E5A71406085A
HTH9S9CGB3,HTH9S9CGB3.HillTop.Global,Microsoft® Visual Studio®,Microsoft Corporation,Microsoft.VisualStudio.Web.Host.exe,C:\Program Files (x86)\Microsoft SQL Server Management Studio 18\Common7\IDE,2DDBCDF7EABE4C543AE6013389DF9DF4F01B92A6C1C2CD4FB49D42EABBD5E518,484E87BDDF66DC25A4735061A8A05EFB
HTH9S9CGB3,HTH9S9CGB3.HillTop.Global,Microsoft® Visual Studio®,Microsoft Corporation,PerfWatson2.exe,C:\Program Files (x86)\Microsoft SQL Server Management Studio 18\Common7\IDE,4E9DDD056E35F8A022AA87879EA18D97035A8E2B41272ADC9DE5DF09E961BB0C,45F8B7C9EA822E4CE21718FBFE64C824
HTH9S9CGB3,HTH9S9CGB3.HillTop.Global,Microsoft SQL Server,Microsoft Corporation,Ssms.exe,C:\Program Files (x86)\Microsoft SQL Server Management Studio 18\Common7\IDE,76911FC1355A32F421F22C236506F73B2BCD8CB28EDA19C5CCB8DB857E0E758D,C05EFADB93E32A8CE61E629956E6F86B
HTH9S9CGB3,HTH9S9CGB3.HillTop.Global,Microsoft SQL Server,Microsoft Corporation,SSMSbinConverter.exe,C:\Program Files (x86)\Microsoft SQL Server Management Studio 18\Common7\IDE,3E0FCD075643D775033C210BBF692620F0C42D3102610206FB0E1C6C2F9F64A7,EB487776245FA30C8DB79E3C46E81708
HTH9S9CGB3,HTH9S9CGB3.HillTop.Global,Microsoft SQL Server,Microsoft Corporation,SsmsMin.exe,C:\Program Files (x86)\Microsoft SQL Server Management Studio 18\Common7\IDE,085DBC39CA15FACBDD153A19401E924A67C010207B08C6AA7873F96978642EB0,B885F273A1CBCED923554C7B026F2AAA
HTH9S9CGB3,HTH9S9CGB3.HillTop.Global,Microsoft® Visual Studio®,Microsoft Corporation,StorePID.exe,C:\Program Files (x86)\Microsoft SQL Server Management Studio 18\Common7\IDE,A827E682C50CE926AD132401465865CD2C2C0522C96A2E03B2631B04FE776EE4,26EF0C6D4CBC2B10D7BC32E0C3A81DE8
HTH9S9CGB3,HTH9S9CGB3.HillTop.Global,Microsoft® Visual Studio®,Microsoft Corporation,T4VSHostProcess.exe,C:\Program Files (x86)\Microsoft SQL Server Management Studio 18\Common7\IDE,6FD66A9938128C1670D2DC0EC1F5B34D6ACA610752DF5935A06F67AFD0E6860D,713BC27A6F02B6A74A6A8ED2AC7D29D6
HTH9S9CGB3,HTH9S9CGB3.HillTop.Global,Microsoft® Visual Studio® Team Foundation Server®,Microsoft Corporation,TCM.exe,C:\Program Files (x86)\Microsoft SQL Server Management Studio 18\Common7\IDE,26E55411479D64A0B43005B5F49A51A9752D8F7D13157C5374D7F4376C8B2965,C52AE075FC939ADD87F5CDFC707EBCBD
HTH9S9CGB3,HTH9S9CGB3.HillTop.Global,Microsoft® Visual Studio®,Microsoft Corporation,TextTransform.exe,C:\Program Files (x86)\Microsoft SQL Server Management Studio 18\Common7\IDE,6EB1C97ADFF608030EA63827D00A380B86AFF0DCBDF11AF3CD4DB3F7050F6F39,D6AF3758C1A61055F2EB8CD3F5FFFCB3
HTH9S9CGB3,HTH9S9CGB3.HillTop.Global,Microsoft® Visual Studio®,Microsoft Corporation,UserControlTestContainer.exe,C:\Program Files (x86)\Microsoft SQL Server Management Studio 18\Common7\IDE,30A598D8D0B00BE3B9B382896AFBAA85F884CCB58E25C9863BAC38CCEA353B6C,29C01448AB371B2E5D15D418744FFF36
HTH9S9CGB3,HTH9S9CGB3.HillTop.Global,Microsoft® Windows® Operating System,Microsoft Corporation,vb7to8.exe,C:\Program Files (x86)\Microsoft SQL Server Management Studio 18\Common7\IDE,D7CE14E791DF2B9387F04A3DF73EB19F8401749561A036E0E6E4301B586D0F1C,5A7A8C260BCD832B8D51524FE4D35165
HTH9S9CGB3,HTH9S9CGB3.HillTop.Global,Microsoft® Visual Studio®,Microsoft Corporation,VsDebugWERHelper.exe,C:\Program Files (x86)\Microsoft SQL Server Management Studio 18\Common7\IDE,D168DC9458556457DE26FCF366D96599425469D5F4F30FC0B6F73B19DCB07814,B471B968B4DE3D445D45F47A7B096699
HTH9S9CGB3,HTH9S9CGB3.HillTop.Global,Microsoft® Visual Studio®,Microsoft Corporation,vsdiag_regwcf.exe,C:\Program Files (x86)\Microsoft SQL Server Management Studio 18\Common7\IDE,765F4A9183BA0A1C6756F16E859A7D020B39C5A57CFB9732D740BACB0BB7F654,787E0CC3E0EECB454048FE1B702B100C
HTH9S9CGB3,HTH9S9CGB3.HillTop.Global,Microsoft® Visual Studio®,Unknown,VSHiveStub.exe,C:\Program Files (x86)\Microsoft SQL Server Management Studio 18\Common7\IDE,DAB0A545D0EE078B2A0FF1FD1E479CE1BBD248C4C20B5C0A04C1572DC63FE792,54B5998B246B1AC515C72CAD6EF40ED4
HTH9S9CGB3,HTH9S9CGB3.HillTop.Global,Microsoft® Visual Studio®,Microsoft Corporation,vshost-clr2.exe,C:\Program Files (x86)\Microsoft SQL Server Management Studio 18\Common7\IDE,51D91925CB59AE33B35E8F4A5A8A2EE2C65D5FB9A0F0949FE7A1E1AE81FDD7B4,48620C1E75F0FE68F5580EA0E0ACC58B
HTH9S9CGB3,HTH9S9CGB3.HillTop.Global,Microsoft® Visual Studio®,Microsoft Corporation,vshost.exe,C:\Program Files (x86)\Microsoft SQL Server Management Studio 18\Common7\IDE,DBE7A3EF7960169977EEB09B96E3A9C7D35111B8C1F8E7CB6216BB216DCBDA44,65951D270CA18CBB31824A069AC536F3
HTH9S9CGB3,HTH9S9CGB3.HillTop.Global,Microsoft® Visual Studio®,Microsoft Corporation,vshost32-clr2.exe,C:\Program Files (x86)\Microsoft SQL Server Management Studio 18\Common7\IDE,1219BC6B81305000DCEEB359E047A650635CAEB6D64E0A05FCBA3196D34D3D4D,90A4FD6F983EACB5B66EA7540BE53620
HTH9S9CGB3,HTH9S9CGB3.HillTop.Global,Microsoft® Visual Studio®,Microsoft Corporation,vshost32.exe,C:\Program Files (x86)\Microsoft SQL Server Management Studio 18\Common7\IDE,F7ED0FD6A4822E2C39696FA05E1146AB6C5FC9E2D71BF5AA1A8D4A67FEB094D7,3B61276F024C77A2A4A26398B3622FE7
HTH9S9CGB3,HTH9S9CGB3.HillTop.Global,Microsoft® Visual Studio®,Unknown,VSIXInstaller.exe,C:\Program Files (x86)\Microsoft SQL Server Management Studio 18\Common7\IDE,AA4D1C0D9D8F9B65EF0CD6AAE6D978FDA6B1BAFB82A29E19B091BE8926EA91ED,49F6DAEA9D9120656C74EAFC4A2843DD
HTH9S9CGB3,HTH9S9CGB3.HillTop.Global,Microsoft® Visual Studio®,Microsoft Corporation,VSLaunchBrowser.exe,C:\Program Files (x86)\Microsoft SQL Server Management Studio 18\Common7\IDE,87B7A85E8F500705BC31C9B64579323AC677B9EAFFEDDB0F64E7A6480B1ADABE,01291AAA1562A68948A7C1975C89B993
HTH9S9CGB3,HTH9S9CGB3.HillTop.Global,Microsoft® Visual Studio®,Microsoft Corporation,vsn.exe,C:\Program Files (x86)\Microsoft SQL Server Management Studio 18\Common7\IDE,5FDB5A535C15E193F23DCA4D2E8F1845830F2475C544F52C3CC56EFF28E779D4,0A6245E1E863E8A39814A7154EDA59D0
HTH9S9CGB3,HTH9S9CGB3.HillTop.Global,Microsoft® Visual Studio®,Microsoft Corporation,VsRegEdit.exe,C:\Program Files (x86)\Microsoft SQL Server Management Studio 18\Common7\IDE,B4FBC5A25DBABE398B0F6C87C1766F4F6B272598C2D112019468F7E3FEC43DD6,05CE0B86AED20FB9FABB57B1A3D8B435
HTH9S9CGB3,HTH9S9CGB3.HillTop.Global,Microsoft® Visual Studio®,Microsoft Corporation,VSWebHandler.exe,C:\Program Files (x86)\Microsoft SQL Server Management Studio 18\Common7\IDE,486FA0DF4F994E347E5170C341C79D3F65D5F6EF4A61F244F06C0FE7336EC592,386EC2BC4F8D3352A4782F2D6412638D
HTH9S9CGB3,HTH9S9CGB3.HillTop.Global,Microsoft® Visual Studio®,Microsoft Corporation,VSWebLauncher.exe,C:\Program Files (x86)\Microsoft SQL Server Management Studio 18\Common7\IDE,C375F036BB9EC2F64B3D8CA96D8ACFA1237C9C780C3148563D3FD474A84F856F,93982AAA288F7E1F83E53A18FAD4A971
HTH9S9CGB3,HTH9S9CGB3.HillTop.Global,Microsoft® Visual Studio®,Microsoft Corporation,VsDebugLaunchNotify.exe,C:\Program Files (x86)\Microsoft SQL Server Management Studio 18\Common7\Packages\Debugger,6672483B790231B94B03AC956ADCF0703B6B23E718143D4980590F0FD080D278,D7EF3A7D09237149918F299BA3FB21BE
HTH9S9CGB3,HTH9S9CGB3.HillTop.Global,team_explorer,Unknown,team_explorer.bat,C:\Program Files (x86)\Microsoft SQL Server Management Studio 18\Common7\Tools\vsdevcmd\ext,74178242BF69348ECFFE083168AC52D2BC38A43EA9151DEDB4982C8953920E4A,C3CB507CEB2040F276D14BA69AC5BAC7
HTH9S9CGB3,HTH9S9CGB3.HillTop.Global,typescript,Unknown,typescript.bat,C:\Program Files (x86)\Microsoft SQL Server Management Studio 18\Common7\Tools\vsdevcmd\ext,3BBEC8731842228EA3EADBC45ED4F68A83EDF021E07FDB21E0067BB12BC09427,3E0742458AA7D17A05346E7DD7E7061A
HTH9S9CGB3,HTH9S9CGB3.HillTop.Global,Microsoft SQL Server,Microsoft Corporation,DTA.EXE,C:\Program Files (x86)\Microsoft SQL Server Management Studio 18\Common7,124CC0ED1EA6A2FCB9D8BEF31D6050F57DECFE5AC79EC7C6B7354E9337BDB932,AC34AF67B5BFFCF1F3AA93535D74E4BF
HTH9S9CGB3,HTH9S9CGB3.HillTop.Global,Microsoft SQL Server,Microsoft Corporation,dtaengine.exe,C:\Program Files (x86)\Microsoft SQL Server Management Studio 18\Common7,306C653EEB6BDC73F6E5629A350BFBD57B1621CD72B8E2F4567DF393E902C1D0,D075A89920C1DD5E7063AFE651FE99B1
HTH9S9CGB3,HTH9S9CGB3.HillTop.Global,Microsoft SQL Server,Microsoft Corporation,DTASHELL.EXE,C:\Program Files (x86)\Microsoft SQL Server Management Studio 18\Common7,CE962E9158D15A421807C8D8EA4717E539DE6B3A3DD1F1198804A75C2AFCFC5F,C84F087C6692077E955B3DB70A2FBB42
HTH9S9CGB3,HTH9S9CGB3.HillTop.Global,Microsoft SQL Server,Microsoft Corporation,PROFILER.EXE,C:\Program Files (x86)\Microsoft SQL Server Management Studio 18\Common7,7073E1BCAFB81A56252BA43AB7BCC1572E357C4B124ACA18D9D26B342CED7070,8443534D7837064776E6D2811BC9BAB6
HTH9S9CGB3,HTH9S9CGB3.HillTop.Global,Microsoft SQL Server,Microsoft Corporation,sqlmonitor.exe,C:\Program Files (x86)\Microsoft SQL Server Management Studio 18\Common7,9FF87606BAD22BD29E42C33F4778AB21167853A2F25E964F87DD1506B0ACD6AE,9A403DDB3C06782D21321E3DDD6838D8
HTH9S9CGB3,HTH9S9CGB3.HillTop.Global,Microsoft SQL Server,Microsoft Corporation,ssbdiagnose.exe,C:\Program Files (x86)\Microsoft SQL Server Management Studio 18\Common7,C4BD54B367EBA758D76682B0D3671D01FDAEF4E452DF9698AA87B708344465C6,8595EB81715E274B3D77C1CBAAFCFF2A
HTH9S9CGB3,HTH9S9CGB3.HillTop.Global,CSR DFU Protocol,RTX Telecom,CsrDfu.exe,C:\Program Files (x86)\Plantronics\Spokes3G,4808F9E7214F985CFD790692720C89132723BD9CB5F0F98B999C7DE02FDEC51E,E0C7E4F475B2D204033F65D0F3E3BF58
HTH9S9CGB3,HTH9S9CGB3.HillTop.Global,Plantronics Software,Plantronics Inc.,PLTHub.exe,C:\Program Files (x86)\Plantronics\Spokes3G,8FADB10C066FCE70BE610E2EE8B307ED3EC5093D145CC500E4DAEB6C786F5401,F0E6D1AAB5957703E146136B8A69CAC7
HTH9S9CGB3,HTH9S9CGB3.HillTop.Global,Plantronics Software,Plantronics Inc.,SpokesUpdateService.exe,C:\Program Files (x86)\Plantronics\Spokes3G,88F76A16D3C84334E456AA67186435F2F80853D82F4D980E0CF8D411ED904237,516B7783406C3A9E2354AE0C12B1CF79
HTH9S9CGB3,HTH9S9CGB3.HillTop.Global,Razer S3 Wizard Package,Razer Inc.,RzS3WizardPkgS3.exe,C:\Program Files (x86)\Razer\RzS3WizardPkg,2751EFE76D94AC9CB6DBCBA7E2CA23FC7CA4A0DD3DA37076B20B196937FA2E2B,D787CBF5157929778672644F6CA7E28D
HTH9S9CGB3,HTH9S9CGB3.HillTop.Global,Razer Installer,Razer Inc.,RazerSynapseInstaller_ProdDiscoveryEndpoint.exe,C:\Program Files (x86)\Razer\RzS3WizardS3,44EB2BF1C19DD03AB05EAB931BC231564DC767FEC601717AB1C80D58176F9DA5,3D935154C3941E3260D5E5D614FFBF73
HTH9S9CGB3,HTH9S9CGB3.HillTop.Global,RTInstaller,Realtek Semiconductor Corp.,RTINSTALLER64.EXE,C:\Program Files (x86)\Realtek\Realtek USB Ethernet Controller All-In-One Windows Driver,9F0DEB576F5A31641284D80A4CB411E99F5007D39C88661AE385C47D8A11E157,CF82FF9BEE7B4CC9F1B24D1591417545
HTH9S9CGB3,HTH9S9CGB3.HillTop.Global,Configurator,Recast Software,Configurator.exe,C:\Program Files (x86)\Recast Software\Recast Console Extension\Configurator\net462,F278AB3844FA1AF7B1FCEBDDE3D12F2D643571D7211830003C4B860BD9970FF7,CCBFB7B515412235A698E26F01719D0A
HTH9S9CGB3,HTH9S9CGB3.HillTop.Global,RecastIdleWatcher,Recast Software,RecastIdleWatcher.exe,C:\Program Files (x86)\Recast Software\Recast Console Extension\RecastIdleWatcher\net462,6B4DE7D7E82BF873B3B52F86FF0AE8C7BFAB933FB1B3BB5B70ECA03E0D8F834D,EF1098B15A793BD2D274EF9B4A95B788
HTH9S9CGB3,HTH9S9CGB3.HillTop.Global,RecastShell,Recast Software,RecastShell.exe,C:\Program Files (x86)\Recast Software\Recast Console Extension\RecastShellW10\net462,488D94A97C4EC12799B66E1BE2EB856717314870BA5CA6DEA6895B20481193F0,2A50183975F1AAF207660AEBC5673018
HTH9S9CGB3,HTH9S9CGB3.HillTop.Global,RecastShell,Recast Software,RecastShell.exe,C:\Program Files (x86)\Recast Software\Recast Console Extension\RecastShellW7\net462,5BD510A510CE8A9701696DF6C08AF6E4789B16D1655E30468E7684F974781800,5D12DD16E94D7C896741116E44E9314F
HTH9S9CGB3,HTH9S9CGB3.HillTop.Global,System Center Configuration Manager,Microsoft Corporation,Microsoft.ConfigurationManagement.exe,C:\Program Files (x86)\Recast Software\Recast Console Extension\RecastToast\net462,3492BA7CF2FF87CB659606E1845DC0BCF53F99DEC6DD30C999391BFDEF403060,CB82A55A6D2750A5AE2AEE4E5C5D6D40
HTH9S9CGB3,HTH9S9CGB3.HillTop.Global,RecastToast,Recast Software,RecastToast.exe,C:\Program Files (x86)\Recast Software\Recast Console Extension\RecastToast\net462,622086692D4FD0D9B457F568879DE616F7BC7F37773A34FBE695490474FBA724,2B73824EA262812A10AE0B09DD350F14
HTH9S9CGB3,HTH9S9CGB3.HillTop.Global,Shutdown Tool,Recast Software,Shutdown Tool.exe,C:\Program Files (x86)\Recast Software\Recast Console Extension\Shutdown Tool,D1C937D4E33B4C772327F20705C4E1C50042EC81C0BB50C2E9569DD1578014E8,ACF16A85404D116DA672C8668365AADE
HTH9S9CGB3,HTH9S9CGB3.HillTop.Global,System Center Configuration Manager,Microsoft Corporation,Microsoft.ConfigurationManagement.exe,C:\Program Files (x86)\Recast Software\Recast Console Extension,3492BA7CF2FF87CB659606E1845DC0BCF53F99DEC6DD30C999391BFDEF403060,CB82A55A6D2750A5AE2AEE4E5C5D6D40
HTH9S9CGB3,HTH9S9CGB3.HillTop.Global,Recast.ConsoleExtension,Recast Software,Recast.ConsoleExtension.exe,C:\Program Files (x86)\Recast Software\Recast Console Extension,44B89811B43CDBE726E4D8862B446E654FAB5B8F28CA5C91E5FE946F010A4F27,E9F07E53DEEA52DF9E127DD64408C660
HTH9S9CGB3,HTH9S9CGB3.HillTop.Global,RightFax®,Open Text,FAXCTRL.exe,C:\Program Files (x86)\RightFax\Client,E5DB363BDC9F6DFD7FE5473987CD76F77E2F92EB1C1802CD6B1872B679FA5DBD,4B7C9F142D59A9858CC99827B1822735
HTH9S9CGB3,HTH9S9CGB3.HillTop.Global,RightFax®,Open Text,fuw32.exe,C:\Program Files (x86)\RightFax\Client,B42D4714DFCAD2C2A9CC4BA8CE82B553E792BB632F075E3FABD3DE7F2EFEC58D,CBDD9FC86557E7BE6E65E22915E4C207
HTH9S9CGB3,HTH9S9CGB3.HillTop.Global,RightFax® 21.2,Open Text,ProbeService.exe,C:\Program Files (x86)\RightFax\Setup,B7FB6EE94F26BA66C095A48488B6F4803C087E9508FB04BD17F3F725B50E27C7,7DE8368615CF139711D66425F4BF9B7E
HTH9S9CGB3,HTH9S9CGB3.HillTop.Global,RightFax®,Open Text,Setup.exe,C:\Program Files (x86)\RightFax\Setup,4130BE2AF120F6D91DD2860987E1F43477F19B41972A50A2D08FB9BA6AA35B9E,CB2D6C25B8EF082DEB8368AE5DBD49E7
HTH9S9CGB3,HTH9S9CGB3.HillTop.Global,RightFax® 21.2,Open Text,_setup.exe,C:\Program Files (x86)\RightFax\Setup,3A1B6A3DB54F12884D6B624D795A49CC5ED80E2DA90E6FD70EDDB0602608C87E,C4BA98425D396F56B5E46AFF6008CAB0
HTH9S9CGB3,HTH9S9CGB3.HillTop.Global,RightFax®,Open Text,DocViewer.exe,C:\Program Files (x86)\RightFax\Shared Files,651A36656304DA72D8030D21C00DA2B5841EAEEF04D10761A0B450706B1B98DD,3A5A59EC81CD4CF20D5F502C41E21EF5
HTH9S9CGB3,HTH9S9CGB3.HillTop.Global,RightFax® 21.2,Open Text,PowerShellToolsx64.exe,C:\Program Files (x86)\RightFax\Shared Files,47655614E3EDF050779D1424D9F04573F332428C8624498702ACED356C8F2655,44BA152D9FF793A0C713162632A5FB45
HTH9S9CGB3,HTH9S9CGB3.HillTop.Global,RightFax® 21.2,Open Text,RFHistory.exe,C:\Program Files (x86)\RightFax\Shared Files,A6DB9F4D142BD7E26E33051A2A5281D5448A6FF76A1C23CBD5069D36B109E55F,D97AF27DB36BF0770FFA65D904E17960
HTH9S9CGB3,HTH9S9CGB3.HillTop.Global,RightFax® 21.2,Open Text,RFStatLogger.exe,C:\Program Files (x86)\RightFax\Shared Files,D262674FF1D8B02165E1B5BAA76185C1EC03425157C379C7A4963DA74EE8E7AC,ADC74DB56CC439015EADC0462F7F7F17
HTH9S9CGB3,HTH9S9CGB3.HillTop.Global,RightFax® 21.2,Open Text,RFViewer.exe,C:\Program Files (x86)\RightFax\Shared Files,97C3AB0A4D53DA353222E0B5C4E16072E92465573405792BBFF5CE6686E6A966,3B9F7CC59FED5497791BD2D1DB6FA680
HTH9S9CGB3,HTH9S9CGB3.HillTop.Global,RightFax® 21.2,Open Text,RFWfiDesigner.exe,C:\Program Files (x86)\RightFax\Shared Files,1B63DC5CB248171C63665A6F79D317A737BF833FE475A1C70421F33B8CA590C3,FA1753A32E59DF3583707F04241ECC67
HTH9S9CGB3,HTH9S9CGB3.HillTop.Global,RightFax.Conversion.Engine.Viewer,Open Text,RightFax.Conversion.Engine.Viewer.exe,C:\Program Files (x86)\RightFax\Shared Files,AC186C16054E76EA94242E6A45D646F1B094633D9DEA1980B711F08A81054057,B3994990E76F124F4A2FB1393E91061C
HTH9S9CGB3,HTH9S9CGB3.HillTop.Global,RightFax®,Open Text,wfaxvw32.exe,C:\Program Files (x86)\RightFax\Shared Files,3D3F6747A01CB186FF6B7B636C7FCC568500C91BFEE1759F4448C6558D26BBC8,F8083E0D2CEE374EA3EC946557BE0B33
HTH9S9CGB3,HTH9S9CGB3.HillTop.Global,RVTools,RobWare,RVTools.exe,C:\Program Files (x86)\Robware\RVTools,3D147F9442FE81658F742BC97129D90328F8439005B524DF5C2C4C1592D4D7BD,73203032DD4655E2E302B92B2BE5305C
HTH9S9CGB3,HTH9S9CGB3.HillTop.Global,RVToolsMergeExcelFiles,Robware,RVToolsMergeExcelFiles.exe,C:\Program Files (x86)\Robware\RVTools,E7EF856AF981AD869F98719D8F669F9737A941B4A075B085FB115F0B37999722,BDEF5078526774A708F15CDC0B633B5D
HTH9S9CGB3,HTH9S9CGB3.HillTop.Global,RVToolsPasswordEncryption,Robware,RVToolsPasswordEncryption.exe,C:\Program Files (x86)\Robware\RVTools,3D2A2DF7104A2140431637293AF68CB2FBC2360F4D6F32B1D2C62DE88E9E6D65,9E7E9C55275045C570F7ED43BDF87EAB
HTH9S9CGB3,HTH9S9CGB3.HillTop.Global,RVToolsSendMail,Robware,RVToolsSendMail.exe,C:\Program Files (x86)\Robware\RVTools,16628E3AF149F801D1CF11539F6CE31BDCB4068A097AEF3A905F430BF1E5F800,FA779B91E06CE7167469DB0263032FAF
HTH9S9CGB3,HTH9S9CGB3.HillTop.Global,Microsoft® Windows® Operating System,Microsoft Corporation,MpCmdRun.exe,C:\Program Files (x86)\Windows Defender,AA197A6DDE88695658AFB80EB72337ECA08F22D9BA0634D5D708047C0C7990DF,8BE5617E18F068B7C9EC189BCF28CDD1
HTH9S9CGB3,HTH9S9CGB3.HillTop.Global,Microsoft® Windows® Operating System,Microsoft Corporation,wab.exe,C:\Program Files (x86)\Windows Mail,6E0278DB7B9FF98CB663D7418E71D76815E2FCDA34283A781AB52041A8E1DC89,A130BBE252EC65E30546112C286ABE19
HTH9S9CGB3,HTH9S9CGB3.HillTop.Global,Microsoft® Windows® Operating System,Microsoft Corporation,wabmig.exe,C:\Program Files (x86)\Windows Mail,3073EF733CB4E10C42F7C4AF29E207CA7649A8F0B4FFCE3663AF7C57D1FA0F25,12D99B7E983EE77CE4120890EA608387
HTH9S9CGB3,HTH9S9CGB3.HillTop.Global,Microsoft® Windows® Operating System,Microsoft Corporation,setup_wm.exe,C:\Program Files (x86)\Windows Media Player,C2F09CBAF7102DBA25D4F5BD0AA326EB08B269906D87D53F44B9E992099A5ECC,4D89A66C8F9FC258476A1C9C4A0DEBFD
HTH9S9CGB3,HTH9S9CGB3.HillTop.Global,Microsoft® Windows® Operating System,Microsoft Corporation,wmlaunch.exe,C:\Program Files (x86)\Windows Media Player,91A33CCCB4D3D682D037248CDF88D9D52B0C1D430161342CFBB83663BCF6127F,2DB9179E370C77CDF962B358299B1989
HTH9S9CGB3,HTH9S9CGB3.HillTop.Global,Microsoft® Windows® Operating System,Microsoft Corporation,wmpconfig.exe,C:\Program Files (x86)\Windows Media Player,7B0B1F1F6E0EA4291FB7FCB993571E9082E3EAB21057CF0EB79AA84870AE00AE,2F7AA7554F0E9D248E7182AE9BF5141E
HTH9S9CGB3,HTH9S9CGB3.HillTop.Global,Microsoft® Windows® Operating System,Microsoft Corporation,wmplayer.exe,C:\Program Files (x86)\Windows Media Player,F95122F2922DD0BB08DC56302FDC56F2663E39F920F126D4FE92A38A099C9C49,68FDE7BA0EDE92FAF598EAE0592CEBE9
HTH9S9CGB3,HTH9S9CGB3.HillTop.Global,Microsoft® Windows® Operating System,Microsoft Corporation,wmprph.exe,C:\Program Files (x86)\Windows Media Player,3056B7876B0072EC86C00D2CEA9CD1014CEA7CEE92854B8824A2F9F58219318B,C893DA542E650C3840B7A8F6703C65E6
HTH9S9CGB3,HTH9S9CGB3.HillTop.Global,Microsoft® Windows® Operating System,Microsoft Corporation,wmpshare.exe,C:\Program Files (x86)\Windows Media Player,014306EBFD4ED72ECB06BB12352F23A96484836AFCEA9B7FA783DAC81773B3F7,B022F4085ADFB987C1A674AFB7F0D9CC
HTH9S9CGB3,HTH9S9CGB3.HillTop.Global,Microsoft® Windows® Operating System,Microsoft Corporation,wordpad.exe,C:\Program Files (x86)\Windows NT\Accessories,EE566449D7D1485CA61A29E8952450E35C7E149695CA46E8927EF6B66B38B9EF,7DD82F91EA617B0C6B2AB9A059B7F81B
HTH9S9CGB3,HTH9S9CGB3.HillTop.Global,Microsoft® Windows® Operating System,Microsoft Corporation,ImagingDevices.exe,C:\Program Files (x86)\Windows Photo Viewer,C53F89084426A63F9FDBD785516A3EAFBEC9426D91401447434F156920038B23,B2317E0687FF2CA7150B69301E2CCA8B
HTH9S9CGB3,HTH9S9CGB3.HillTop.Global,Pester,Unknown,Pester.bat,C:\Program Files (x86)\WindowsPowerShell\Modules\Pester\3.4.0\bin,EB83A9D837CFE2F409CA3839B017E307A7A65782CB6A0AE0C50731C244DAD40E,AE50055B1CDF8855C89616473392C167
HTH9S9CGB3,HTH9S9CGB3.HillTop.Global,Build,Unknown,Build.bat,C:\Program Files (x86)\WindowsPowerShell\Modules\Pester\3.4.0,5DDA94698370CAF157D4FD6E669B630F9A2AD529A9DCE75710AB64F85FFA34D3,FBA5E49A848A2EAAB7F51E2ADB48D63F
HTH9S9CGB3,HTH9S9CGB3.HillTop.Global,Cisco Secure Client,Cisco Systems Inc.,Setup.exe,C:\Temp\cisco-secure-client-win-5.1.8.122-predeploy-k9,1D7E36FBEC48903C03E61F07AAC6144EF2319AABA6C49CE2500C6F2827D82960,688E3B41AD83EEB7EC12A95630E21818
HTH9S9CGB3,HTH9S9CGB3.HillTop.Global,MoveBIreports,Unknown,MoveBIreports.bat,C:\Users\aaron.biffar\OneDrive - Hilltop Holdings\Desktop\Old Desktop Stuff\PrimeScripts,,
HTH9S9CGB3,HTH9S9CGB3.HillTop.Global,TDeluna Mapped Drive Repair,Unknown,TDeluna Mapped Drive Repair.bat,C:\Users\aaron.biffar\OneDrive - Hilltop Holdings\Desktop\Old Desktop Stuff\PrimeScripts,,
HTH9S9CGB3,HTH9S9CGB3.HillTop.Global,clean,Unknown,clean.bat,C:\Users\aaron.biffar\OneDrive - Hilltop Holdings\Desktop\Old Desktop Stuff\TestScripts,,
HTH9S9CGB3,HTH9S9CGB3.HillTop.Global,CP,Unknown,CP.bat,C:\Users\aaron.biffar\OneDrive - Hilltop Holdings\Desktop\Old Desktop Stuff\TestScripts,,
HTH9S9CGB3,HTH9S9CGB3.HillTop.Global,net_use,Unknown,net_use.bat,C:\Users\aaron.biffar\OneDrive - Hilltop Holdings\Desktop\Old Desktop Stuff\TestScripts,,
HTH9S9CGB3,HTH9S9CGB3.HillTop.Global,New Trade Navigator,Unknown,New Trade Navigator.bat,C:\Users\aaron.biffar\OneDrive - Hilltop Holdings\Desktop\Old Desktop Stuff\TestScripts,,
HTH9S9CGB3,HTH9S9CGB3.HillTop.Global,caffeine32,Unknown,caffeine32.exe,C:\Users\aaron.biffar\OneDrive - Hilltop Holdings\Documents\Scripts\caffeine,,
HTH9S9CGB3,HTH9S9CGB3.HillTop.Global,caffeine64,Unknown,caffeine64.exe,C:\Users\aaron.biffar\OneDrive - Hilltop Holdings\Documents\Scripts\caffeine,,
HTH9S9CGB3,HTH9S9CGB3.HillTop.Global,Login,Unknown,Login.bat,C:\Users\aaron.biffar\OneDrive - Hilltop Holdings\Documents\Scripts\caffeine,,
HTH9S9CGB3,HTH9S9CGB3.HillTop.Global,Unlock,Unknown,Unlock.bat,C:\Users\aaron.biffar\OneDrive - Hilltop Holdings\Documents\Scripts\caffeine,,
HTH9S9CGB3,HTH9S9CGB3.HillTop.Global,Server Drives,Unknown,Server Drives.bat,C:\Users\aaron.biffar\OneDrive - Hilltop Holdings\Documents\TBA,,
HTH9S9CGB3,HTH9S9CGB3.HillTop.Global,BlueScreenView,Unknown,BlueScreenView.exe,C:\Users\aaron.biffar\OneDrive - Hilltop Holdings\Documents\Utils\bluescreenview,,
HTH9S9CGB3,HTH9S9CGB3.HillTop.Global,NK2Edit,Unknown,NK2Edit.exe,C:\Users\aaron.biffar\OneDrive - Hilltop Holdings\Documents\Utils\nk2edit,,
HTH9S9CGB3,HTH9S9CGB3.HillTop.Global,ntpwedit64,Unknown,ntpwedit64.exe,C:\Users\aaron.biffar\OneDrive - Hilltop Holdings\Documents\Utils\ntpwed07,,
HTH9S9CGB3,HTH9S9CGB3.HillTop.Global,procexp,Unknown,procexp.exe,C:\Users\aaron.biffar\OneDrive - Hilltop Holdings\Documents\Utils\ProcessExplorer,,
HTH9S9CGB3,HTH9S9CGB3.HillTop.Global,procexp64,Unknown,procexp64.exe,C:\Users\aaron.biffar\OneDrive - Hilltop Holdings\Documents\Utils\ProcessExplorer,,
HTH9S9CGB3,HTH9S9CGB3.HillTop.Global,Procmon,Unknown,Procmon.exe,C:\Users\aaron.biffar\OneDrive - Hilltop Holdings\Documents\Utils\ProcessMonitor,,
HTH9S9CGB3,HTH9S9CGB3.HillTop.Global,PsExec,Unknown,PsExec.exe,C:\Users\aaron.biffar\OneDrive - Hilltop Holdings\Documents\Utils\PSTOOLS,,
HTH9S9CGB3,HTH9S9CGB3.HillTop.Global,PsExec64,Unknown,PsExec64.exe,C:\Users\aaron.biffar\OneDrive - Hilltop Holdings\Documents\Utils\PSTOOLS,,
HTH9S9CGB3,HTH9S9CGB3.HillTop.Global,psfile,Unknown,psfile.exe,C:\Users\aaron.biffar\OneDrive - Hilltop Holdings\Documents\Utils\PSTOOLS,,
HTH9S9CGB3,HTH9S9CGB3.HillTop.Global,psfile64,Unknown,psfile64.exe,C:\Users\aaron.biffar\OneDrive - Hilltop Holdings\Documents\Utils\PSTOOLS,,
HTH9S9CGB3,HTH9S9CGB3.HillTop.Global,PsGetsid,Unknown,PsGetsid.exe,C:\Users\aaron.biffar\OneDrive - Hilltop Holdings\Documents\Utils\PSTOOLS,,
HTH9S9CGB3,HTH9S9CGB3.HillTop.Global,PsGetsid64,Unknown,PsGetsid64.exe,C:\Users\aaron.biffar\OneDrive - Hilltop Holdings\Documents\Utils\PSTOOLS,,
HTH9S9CGB3,HTH9S9CGB3.HillTop.Global,PsInfo,Unknown,PsInfo.exe,C:\Users\aaron.biffar\OneDrive - Hilltop Holdings\Documents\Utils\PSTOOLS,,
HTH9S9CGB3,HTH9S9CGB3.HillTop.Global,PsInfo64,Unknown,PsInfo64.exe,C:\Users\aaron.biffar\OneDrive - Hilltop Holdings\Documents\Utils\PSTOOLS,,
HTH9S9CGB3,HTH9S9CGB3.HillTop.Global,pskill,Unknown,pskill.exe,C:\Users\aaron.biffar\OneDrive - Hilltop Holdings\Documents\Utils\PSTOOLS,,
HTH9S9CGB3,HTH9S9CGB3.HillTop.Global,pskill64,Unknown,pskill64.exe,C:\Users\aaron.biffar\OneDrive - Hilltop Holdings\Documents\Utils\PSTOOLS,,
HTH9S9CGB3,HTH9S9CGB3.HillTop.Global,pslist,Unknown,pslist.exe,C:\Users\aaron.biffar\OneDrive - Hilltop Holdings\Documents\Utils\PSTOOLS,,
HTH9S9CGB3,HTH9S9CGB3.HillTop.Global,pslist64,Unknown,pslist64.exe,C:\Users\aaron.biffar\OneDrive - Hilltop Holdings\Documents\Utils\PSTOOLS,,
HTH9S9CGB3,HTH9S9CGB3.HillTop.Global,PsLoggedon,Unknown,PsLoggedon.exe,C:\Users\aaron.biffar\OneDrive - Hilltop Holdings\Documents\Utils\PSTOOLS,,
HTH9S9CGB3,HTH9S9CGB3.HillTop.Global,PsLoggedon64,Unknown,PsLoggedon64.exe,C:\Users\aaron.biffar\OneDrive - Hilltop Holdings\Documents\Utils\PSTOOLS,,
HTH9S9CGB3,HTH9S9CGB3.HillTop.Global,psloglist,Unknown,psloglist.exe,C:\Users\aaron.biffar\OneDrive - Hilltop Holdings\Documents\Utils\PSTOOLS,,
HTH9S9CGB3,HTH9S9CGB3.HillTop.Global,pspasswd,Unknown,pspasswd.exe,C:\Users\aaron.biffar\OneDrive - Hilltop Holdings\Documents\Utils\PSTOOLS,,
HTH9S9CGB3,HTH9S9CGB3.HillTop.Global,pspasswd64,Unknown,pspasswd64.exe,C:\Users\aaron.biffar\OneDrive - Hilltop Holdings\Documents\Utils\PSTOOLS,,
HTH9S9CGB3,HTH9S9CGB3.HillTop.Global,psping,Unknown,psping.exe,C:\Users\aaron.biffar\OneDrive - Hilltop Holdings\Documents\Utils\PSTOOLS,,
HTH9S9CGB3,HTH9S9CGB3.HillTop.Global,psping64,Unknown,psping64.exe,C:\Users\aaron.biffar\OneDrive - Hilltop Holdings\Documents\Utils\PSTOOLS,,
HTH9S9CGB3,HTH9S9CGB3.HillTop.Global,PsService,Unknown,PsService.exe,C:\Users\aaron.biffar\OneDrive - Hilltop Holdings\Documents\Utils\PSTOOLS,,
HTH9S9CGB3,HTH9S9CGB3.HillTop.Global,PsService64,Unknown,PsService64.exe,C:\Users\aaron.biffar\OneDrive - Hilltop Holdings\Documents\Utils\PSTOOLS,,
HTH9S9CGB3,HTH9S9CGB3.HillTop.Global,psshutdown,Unknown,psshutdown.exe,C:\Users\aaron.biffar\OneDrive - Hilltop Holdings\Documents\Utils\PSTOOLS,,
HTH9S9CGB3,HTH9S9CGB3.HillTop.Global,pssuspend,Unknown,pssuspend.exe,C:\Users\aaron.biffar\OneDrive - Hilltop Holdings\Documents\Utils\PSTOOLS,,
HTH9S9CGB3,HTH9S9CGB3.HillTop.Global,pssuspend64,Unknown,pssuspend64.exe,C:\Users\aaron.biffar\OneDrive - Hilltop Holdings\Documents\Utils\PSTOOLS,,
HTH9S9CGB3,HTH9S9CGB3.HillTop.Global,Intel-AX411-AX211-AX210-AX201-AX200-9560-9462-9260-7265-3165_TFR62_WIN_22.230.0.8_A34_01,Unknown,Intel-AX411-AX211-AX210-AX201-AX200-9560-9462-9260-7265-3165_TFR62_WIN_22.230.0.8_A34_01.EXE,C:\Users\aaron.biffar\OneDrive - Hilltop Holdings\Downloads\5440,,
HTH9S9CGB3,HTH9S9CGB3.HillTop.Global,caffeine32,Unknown,caffeine32.exe,C:\Users\aaron.biffar\OneDrive - Hilltop Holdings\Downloads\caffeine,,
HTH9S9CGB3,HTH9S9CGB3.HillTop.Global,caffeine64,Unknown,caffeine64.exe,C:\Users\aaron.biffar\OneDrive - Hilltop Holdings\Downloads\caffeine,,
HTH9S9CGB3,HTH9S9CGB3.HillTop.Global,CPUSTRES,Unknown,CPUSTRES.EXE,C:\Users\aaron.biffar\OneDrive - Hilltop Holdings\Downloads\CPUSTRES,,
HTH9S9CGB3,HTH9S9CGB3.HillTop.Global,CPUSTRES64,Unknown,CPUSTRES64.EXE,C:\Users\aaron.biffar\OneDrive - Hilltop Holdings\Downloads\CPUSTRES,,
HTH9S9CGB3,HTH9S9CGB3.HillTop.Global,opusdec,Unknown,opusdec.exe,C:\Users\aaron.biffar\OneDrive - Hilltop Holdings\Downloads\CrystalDiskInfo8_17_14\CdiResource\opus,,
HTH9S9CGB3,HTH9S9CGB3.HillTop.Global,AlertMail,Unknown,AlertMail.exe,C:\Users\aaron.biffar\OneDrive - Hilltop Holdings\Downloads\CrystalDiskInfo8_17_14\CdiResource,,
HTH9S9CGB3,HTH9S9CGB3.HillTop.Global,AlertMail4,Unknown,AlertMail4.exe,C:\Users\aaron.biffar\OneDrive - Hilltop Holdings\Downloads\CrystalDiskInfo8_17_14\CdiResource,,
HTH9S9CGB3,HTH9S9CGB3.HillTop.Global,AlertMail48,Unknown,AlertMail48.exe,C:\Users\aaron.biffar\OneDrive - Hilltop Holdings\Downloads\CrystalDiskInfo8_17_14\CdiResource,,
HTH9S9CGB3,HTH9S9CGB3.HillTop.Global,DiskInfo32,Unknown,DiskInfo32.exe,C:\Users\aaron.biffar\OneDrive - Hilltop Holdings\Downloads\CrystalDiskInfo8_17_14,,
HTH9S9CGB3,HTH9S9CGB3.HillTop.Global,DiskInfo64,Unknown,DiskInfo64.exe,C:\Users\aaron.biffar\OneDrive - Hilltop Holdings\Downloads\CrystalDiskInfo8_17_14,,
HTH9S9CGB3,HTH9S9CGB3.HillTop.Global,DiskInfoA64,Unknown,DiskInfoA64.exe,C:\Users\aaron.biffar\OneDrive - Hilltop Holdings\Downloads\CrystalDiskInfo8_17_14,,
HTH9S9CGB3,HTH9S9CGB3.HillTop.Global,devcon64,Unknown,devcon64.exe,C:\Users\aaron.biffar\OneDrive - Hilltop Holdings\Downloads\Flash_Disable_Tool_v1.0_1122\x64,,
HTH9S9CGB3,HTH9S9CGB3.HillTop.Global,PATCH64,Unknown,PATCH64.exe,C:\Users\aaron.biffar\OneDrive - Hilltop Holdings\Downloads\Flash_Disable_Tool_v1.0_1122\x64,,
HTH9S9CGB3,HTH9S9CGB3.HillTop.Global,devcon32,Unknown,devcon32.exe,C:\Users\aaron.biffar\OneDrive - Hilltop Holdings\Downloads\Flash_Disable_Tool_v1.0_1122\x86,,
HTH9S9CGB3,HTH9S9CGB3.HillTop.Global,PATCH32,Unknown,PATCH32.exe,C:\Users\aaron.biffar\OneDrive - Hilltop Holdings\Downloads\Flash_Disable_Tool_v1.0_1122\x86,,
HTH9S9CGB3,HTH9S9CGB3.HillTop.Global,FlashDisable,Unknown,FlashDisable.exe,C:\Users\aaron.biffar\OneDrive - Hilltop Holdings\Downloads\Flash_Disable_Tool_v1.0_1122,,
HTH9S9CGB3,HTH9S9CGB3.HillTop.Global,GPHealthReporter1.9-Setup,Unknown,GPHealthReporter1.9-Setup.exe,C:\Users\aaron.biffar\OneDrive - Hilltop Holdings\Downloads\GPHealthReporter1.9,,
HTH9S9CGB3,HTH9S9CGB3.HillTop.Global,AutoUpgradeUPD,Unknown,AutoUpgradeUPD.exe,C:\Users\aaron.biffar\OneDrive - Hilltop Holdings\Downloads\HP-PARK-v1.8.9\HP PARK-v1.8.9\AutoUpgradeUPD,,
HTH9S9CGB3,HTH9S9CGB3.HillTop.Global,AutoUpgradeUPD64,Unknown,AutoUpgradeUPD64.exe,C:\Users\aaron.biffar\OneDrive - Hilltop Holdings\Downloads\HP-PARK-v1.8.9\HP PARK-v1.8.9\AutoUpgradeUPD,,
HTH9S9CGB3,HTH9S9CGB3.HillTop.Global,hpbcfgap,Unknown,hpbcfgap.exe,C:\Users\aaron.biffar\OneDrive - Hilltop Holdings\Downloads\HP-PARK-v1.8.9\HP PARK-v1.8.9\driver configuration utility,,
HTH9S9CGB3,HTH9S9CGB3.HillTop.Global,hpbcfgap,Unknown,hpbcfgap.exe,C:\Users\aaron.biffar\OneDrive - Hilltop Holdings\Downloads\HP-PARK-v1.8.9\HP PARK-v1.8.9\driver deployment utility\hpbddu\Components\cfgedit,,
HTH9S9CGB3,HTH9S9CGB3.HillTop.Global,hpbprndi,Unknown,hpbprndi.exe,C:\Users\aaron.biffar\OneDrive - Hilltop Holdings\Downloads\HP-PARK-v1.8.9\HP PARK-v1.8.9\driver deployment utility\hpbddu\Components\x64,,
HTH9S9CGB3,HTH9S9CGB3.HillTop.Global,hpbprndi,Unknown,hpbprndi.exe,C:\Users\aaron.biffar\OneDrive - Hilltop Holdings\Downloads\HP-PARK-v1.8.9\HP PARK-v1.8.9\driver deployment utility\hpbddu\Components\x86,,
HTH9S9CGB3,HTH9S9CGB3.HillTop.Global,hpbwtdlg,Unknown,hpbwtdlg.exe,C:\Users\aaron.biffar\OneDrive - Hilltop Holdings\Downloads\HP-PARK-v1.8.9\HP PARK-v1.8.9\driver deployment utility\hpbddu\Components,,
HTH9S9CGB3,HTH9S9CGB3.HillTop.Global,setup,Unknown,setup.exe,C:\Users\aaron.biffar\OneDrive - Hilltop Holdings\Downloads\HP-PARK-v1.8.9\HP PARK-v1.8.9\driver deployment utility\hpbddu\Components,,
HTH9S9CGB3,HTH9S9CGB3.HillTop.Global,CabArc,Unknown,CabArc.Exe,C:\Users\aaron.biffar\OneDrive - Hilltop Holdings\Downloads\HP-PARK-v1.8.9\HP PARK-v1.8.9\driver deployment utility\hpbddu,,
HTH9S9CGB3,HTH9S9CGB3.HillTop.Global,hpbdduex,Unknown,hpbdduex.exe,C:\Users\aaron.biffar\OneDrive - Hilltop Holdings\Downloads\HP-PARK-v1.8.9\HP PARK-v1.8.9\driver deployment utility\hpbddu,,
HTH9S9CGB3,HTH9S9CGB3.HillTop.Global,hpbddupk,Unknown,hpbddupk.exe,C:\Users\aaron.biffar\OneDrive - Hilltop Holdings\Downloads\HP-PARK-v1.8.9\HP PARK-v1.8.9\driver deployment utility\hpbddu,,
HTH9S9CGB3,HTH9S9CGB3.HillTop.Global,hpbddu,Unknown,hpbddu.exe,C:\Users\aaron.biffar\OneDrive - Hilltop Holdings\Downloads\HP-PARK-v1.8.9\HP PARK-v1.8.9\driver deployment utility,,
HTH9S9CGB3,HTH9S9CGB3.HillTop.Global,setup,Unknown,setup.exe,C:\Users\aaron.biffar\OneDrive - Hilltop Holdings\Downloads\HP-PARK-v1.8.9\HP PARK-v1.8.9\driver deployment utility,,
HTH9S9CGB3,HTH9S9CGB3.HillTop.Global,hpprlog32,Unknown,hpprlog32.exe,C:\Users\aaron.biffar\OneDrive - Hilltop Holdings\Downloads\HP-PARK-v1.8.9\HP PARK-v1.8.9\hpprlog,,
HTH9S9CGB3,HTH9S9CGB3.HillTop.Global,hpprlog64,Unknown,hpprlog64.exe,C:\Users\aaron.biffar\OneDrive - Hilltop Holdings\Downloads\HP-PARK-v1.8.9\HP PARK-v1.8.9\hpprlog,,
HTH9S9CGB3,HTH9S9CGB3.HillTop.Global,EnumPrinters3,Unknown,EnumPrinters3.exe,C:\Users\aaron.biffar\OneDrive - Hilltop Holdings\Downloads\HP-PARK-v1.8.9\HP PARK-v1.8.9\Migrate-Server-Tools,,
HTH9S9CGB3,HTH9S9CGB3.HillTop.Global,HpPrnPort,Unknown,HpPrnPort.exe,C:\Users\aaron.biffar\OneDrive - Hilltop Holdings\Downloads\HP-PARK-v1.8.9\HP PARK-v1.8.9\Migrate-Server-Tools,,
HTH9S9CGB3,HTH9S9CGB3.HillTop.Global,Migrate-Server,Unknown,Migrate-Server.bat,C:\Users\aaron.biffar\OneDrive - Hilltop Holdings\Downloads\HP-PARK-v1.8.9\HP PARK-v1.8.9\Migrate-Server-Tools,,
HTH9S9CGB3,HTH9S9CGB3.HillTop.Global,prncon,Unknown,prncon.exe,C:\Users\aaron.biffar\OneDrive - Hilltop Holdings\Downloads\HP-PARK-v1.8.9\HP PARK-v1.8.9\prncon,,
HTH9S9CGB3,HTH9S9CGB3.HillTop.Global,RemovePnPDrivers,Unknown,RemovePnPDrivers.exe,C:\Users\aaron.biffar\OneDrive - Hilltop Holdings\Downloads\HP-PARK-v1.8.9\HP PARK-v1.8.9\RemovePlugPlayDrivers,,
HTH9S9CGB3,HTH9S9CGB3.HillTop.Global,RemovePnPDrivers64,Unknown,RemovePnPDrivers64.exe,C:\Users\aaron.biffar\OneDrive - Hilltop Holdings\Downloads\HP-PARK-v1.8.9\HP PARK-v1.8.9\RemovePlugPlayDrivers,,
HTH9S9CGB3,HTH9S9CGB3.HillTop.Global,UpdateNow_x64,Unknown,UpdateNow_x64.exe,C:\Users\aaron.biffar\OneDrive - Hilltop Holdings\Downloads\HP-PARK-v1.8.9\HP PARK-v1.8.9\updatenow\x64,,
HTH9S9CGB3,HTH9S9CGB3.HillTop.Global,UpdateNow_x86,Unknown,UpdateNow_x86.exe,C:\Users\aaron.biffar\OneDrive - Hilltop Holdings\Downloads\HP-PARK-v1.8.9\HP PARK-v1.8.9\updatenow\x86,,
HTH9S9CGB3,HTH9S9CGB3.HillTop.Global,Testlimit,Unknown,Testlimit.exe,C:\Users\aaron.biffar\OneDrive - Hilltop Holdings\Downloads\Testlimit,,
HTH9S9CGB3,HTH9S9CGB3.HillTop.Global,Testlimit64,Unknown,Testlimit64.exe,C:\Users\aaron.biffar\OneDrive - Hilltop Holdings\Downloads\Testlimit,,
HTH9S9CGB3,HTH9S9CGB3.HillTop.Global,adksetup (1),Unknown,adksetup (1).exe,C:\Users\aaron.biffar\OneDrive - Hilltop Holdings\Downloads,,
HTH9S9CGB3,HTH9S9CGB3.HillTop.Global,adksetup,Unknown,adksetup.exe,C:\Users\aaron.biffar\OneDrive - Hilltop Holdings\Downloads,,
HTH9S9CGB3,HTH9S9CGB3.HillTop.Global,admintemplates_x64_5406-1000_en-us,Unknown,admintemplates_x64_5406-1000_en-us.exe,C:\Users\aaron.biffar\OneDrive - Hilltop Holdings\Downloads,,
HTH9S9CGB3,HTH9S9CGB3.HillTop.Global,admintemplates_x86_5406-1000_en-us,Unknown,admintemplates_x86_5406-1000_en-us.exe,C:\Users\aaron.biffar\OneDrive - Hilltop Holdings\Downloads,,
HTH9S9CGB3,HTH9S9CGB3.HillTop.Global,BA connected Setup 1.8.3,Unknown,BA connected Setup 1.8.3.exe,C:\Users\aaron.biffar\OneDrive - Hilltop Holdings\Downloads,,
HTH9S9CGB3,HTH9S9CGB3.HillTop.Global,BrightAuthorSetup-5.0.1.0,Unknown,BrightAuthorSetup-5.0.1.0.exe,C:\Users\aaron.biffar\OneDrive - Hilltop Holdings\Downloads,,
HTH9S9CGB3,HTH9S9CGB3.HillTop.Global,BT-22.240.0-64UWD-Win10-Win11,Unknown,BT-22.240.0-64UWD-Win10-Win11.exe,C:\Users\aaron.biffar\OneDrive - Hilltop Holdings\Downloads,,
HTH9S9CGB3,HTH9S9CGB3.HillTop.Global,Cinebench,Unknown,Cinebench.exe,C:\Users\aaron.biffar\OneDrive - Hilltop Holdings\Downloads,,
HTH9S9CGB3,HTH9S9CGB3.HillTop.Global,ConnectUtility_2.30.9_Logitech,Unknown,ConnectUtility_2.30.9_Logitech.exe,C:\Users\aaron.biffar\OneDrive - Hilltop Holdings\Downloads,,
HTH9S9CGB3,HTH9S9CGB3.HillTop.Global,CrystalDiskInfo8_17_14,Unknown,CrystalDiskInfo8_17_14.exe,C:\Users\aaron.biffar\OneDrive - Hilltop Holdings\Downloads,,
HTH9S9CGB3,HTH9S9CGB3.HillTop.Global,ddmsetup (1),Unknown,ddmsetup (1).exe,C:\Users\aaron.biffar\OneDrive - Hilltop Holdings\Downloads,,
HTH9S9CGB3,HTH9S9CGB3.HillTop.Global,ddmsetup (2),Unknown,ddmsetup (2).exe,C:\Users\aaron.biffar\OneDrive - Hilltop Holdings\Downloads,,
HTH9S9CGB3,HTH9S9CGB3.HillTop.Global,ddmsetup,Unknown,ddmsetup.exe,C:\Users\aaron.biffar\OneDrive - Hilltop Holdings\Downloads,,
HTH9S9CGB3,HTH9S9CGB3.HillTop.Global,ddmsetup2110,Unknown,ddmsetup2110.exe,C:\Users\aaron.biffar\OneDrive - Hilltop Holdings\Downloads,,
HTH9S9CGB3,HTH9S9CGB3.HillTop.Global,DellDockFirmwarePackage_WD19_WD22_Series_HD22_01.00.16,Unknown,DellDockFirmwarePackage_WD19_WD22_Series_HD22_01.00.16.exe,C:\Users\aaron.biffar\OneDrive - Hilltop Holdings\Downloads,,
HTH9S9CGB3,HTH9S9CGB3.HillTop.Global,DisplayLink USB Graphics Software for Windows11.3 M0-EXE,Unknown,DisplayLink USB Graphics Software for Windows11.3 M0-EXE.exe,C:\Users\aaron.biffar\OneDrive - Hilltop Holdings\Downloads,,
HTH9S9CGB3,HTH9S9CGB3.HillTop.Global,DPeM_NXMF5_1.6.7_WN64_A00,Unknown,DPeM_NXMF5_1.6.7_WN64_A00.exe,C:\Users\aaron.biffar\OneDrive - Hilltop Holdings\Downloads,,
HTH9S9CGB3,HTH9S9CGB3.HillTop.Global,emacs-29.1-modified-2,Unknown,emacs-29.1-modified-2.exe,C:\Users\aaron.biffar\OneDrive - Hilltop Holdings\Downloads,,
HTH9S9CGB3,HTH9S9CGB3.HillTop.Global,FiddlerSetup,Unknown,FiddlerSetup.exe,C:\Users\aaron.biffar\OneDrive - Hilltop Holdings\Downloads,,
HTH9S9CGB3,HTH9S9CGB3.HillTop.Global,Full_Webpack-44.11.2784-LJM282-M285_UWWL_4_1_Full_Webpack,Unknown,Full_Webpack-44.11.2784-LJM282-M285_UWWL_4_1_Full_Webpack.exe,C:\Users\aaron.biffar\OneDrive - Hilltop Holdings\Downloads,,
HTH9S9CGB3,HTH9S9CGB3.HillTop.Global,logioptionsplus_installer,Unknown,logioptionsplus_installer.exe,C:\Users\aaron.biffar\OneDrive - Hilltop Holdings\Downloads,,
HTH9S9CGB3,HTH9S9CGB3.HillTop.Global,logioptionsplus_installer_offline,Unknown,logioptionsplus_installer_offline.exe,C:\Users\aaron.biffar\OneDrive - Hilltop Holdings\Downloads,,
HTH9S9CGB3,HTH9S9CGB3.HillTop.Global,lyncentry (1),Unknown,lyncentry (1).exe,C:\Users\aaron.biffar\OneDrive - Hilltop Holdings\Downloads,,
HTH9S9CGB3,HTH9S9CGB3.HillTop.Global,lyncentry,Unknown,lyncentry.exe,C:\Users\aaron.biffar\OneDrive - Hilltop Holdings\Downloads,,
HTH9S9CGB3,HTH9S9CGB3.HillTop.Global,MicrosoftEdgeSetupCanary,Unknown,MicrosoftEdgeSetupCanary.exe,C:\Users\aaron.biffar\OneDrive - Hilltop Holdings\Downloads,,
HTH9S9CGB3,HTH9S9CGB3.HillTop.Global,OfficeSetup,Unknown,OfficeSetup.exe,C:\Users\aaron.biffar\OneDrive - Hilltop Holdings\Downloads,,
HTH9S9CGB3,HTH9S9CGB3.HillTop.Global,oleo2016-kb4462119-fullfile-x86-glb,Unknown,oleo2016-kb4462119-fullfile-x86-glb.exe,C:\Users\aaron.biffar\OneDrive - Hilltop Holdings\Downloads,,
HTH9S9CGB3,HTH9S9CGB3.HillTop.Global,R-4.3.2-win,Unknown,R-4.3.2-win.exe,C:\Users\aaron.biffar\OneDrive - Hilltop Holdings\Downloads,,
HTH9S9CGB3,HTH9S9CGB3.HillTop.Global,RStudio-2023.09.1-494,Unknown,RStudio-2023.09.1-494.exe,C:\Users\aaron.biffar\OneDrive - Hilltop Holdings\Downloads,,
HTH9S9CGB3,HTH9S9CGB3.HillTop.Global,SetupProd_TeamsPresence,Unknown,SetupProd_TeamsPresence.exe,C:\Users\aaron.biffar\OneDrive - Hilltop Holdings\Downloads,,
HTH9S9CGB3,HTH9S9CGB3.HillTop.Global,Spyder_64bit_full,Unknown,Spyder_64bit_full.exe,C:\Users\aaron.biffar\OneDrive - Hilltop Holdings\Downloads,,
HTH9S9CGB3,HTH9S9CGB3.HillTop.Global,SupportAssistLauncher,Unknown,SupportAssistLauncher.exe,C:\Users\aaron.biffar\OneDrive - Hilltop Holdings\Downloads,,
HTH9S9CGB3,HTH9S9CGB3.HillTop.Global,Teams_windows_x64,Unknown,Teams_windows_x64.exe,C:\Users\aaron.biffar\OneDrive - Hilltop Holdings\Downloads,,
HTH9S9CGB3,HTH9S9CGB3.HillTop.Global,VisualStudioSetup,Unknown,VisualStudioSetup.exe,C:\Users\aaron.biffar\OneDrive - Hilltop Holdings\Downloads,,
HTH9S9CGB3,HTH9S9CGB3.HillTop.Global,VMware-converter-en-6.4.0-21710069,Unknown,VMware-converter-en-6.4.0-21710069.exe,C:\Users\aaron.biffar\OneDrive - Hilltop Holdings\Downloads,,
HTH9S9CGB3,HTH9S9CGB3.HillTop.Global,VMware-Horizon-Client-2309.1-8.11.1-22783278,Unknown,VMware-Horizon-Client-2309.1-8.11.1-22783278.exe,C:\Users\aaron.biffar\OneDrive - Hilltop Holdings\Downloads,,
HTH9S9CGB3,HTH9S9CGB3.HillTop.Global,webex,Unknown,webex.exe,C:\Users\aaron.biffar\OneDrive - Hilltop Holdings\Downloads,,
HTH9S9CGB3,HTH9S9CGB3.HillTop.Global,WMS_Hotfix_4.1.0.548,Unknown,WMS_Hotfix_4.1.0.548.exe,C:\Users\aaron.biffar\OneDrive - Hilltop Holdings\Downloads,,
HTH9S9CGB3,HTH9S9CGB3.HillTop.Global,Zoom_cm_fi7tkunswiz474wkr4Z9vvrZo4_mptZEc2wdFx1ub2cD1TKsOT-Np4HHDgQV7aks@2IIlmQh4moNZ0aUY_k344a875df4c9379a_,Unknown,Zoom_cm_fi7tkunswiz474wkr4Z9vvrZo4_mptZEc2wdFx1ub2cD1TKsOT-Np4HHDgQV7aks@2IIlmQh4moNZ0aUY_k344a875df4c9379a_.exe,C:\Users\aaron.biffar\OneDrive - Hilltop Holdings\Downloads,,
HTH9S9CGB3,HTH9S9CGB3.HillTop.Global,add_Intelppm,Unknown,add_Intelppm.bat,C:\Users\aaron.biffar\OneDrive - Hilltop Holdings\IT\Dell,,
HTH9S9CGB3,HTH9S9CGB3.HillTop.Global,BombBombOutlookDesktopAdd-in (5),Unknown,BombBombOutlookDesktopAdd-in (5).exe,C:\Users\aaron.biffar\OneDrive - Hilltop Holdings\Microsoft Teams Chat Files,,
HTH9S9CGB3,HTH9S9CGB3.HillTop.Global,clean,Unknown,clean.bat,C:\Users\aaron.biffar\OneDrive - Hilltop Holdings\Microsoft Teams Chat Files,,
HTH9S9CGB3,HTH9S9CGB3.HillTop.Global,CP,Unknown,CP.bat,C:\Users\aaron.biffar\OneDrive - Hilltop Holdings\Microsoft Teams Chat Files,,
HTH9S9CGB3,HTH9S9CGB3.HillTop.Global,FiddlerSetup,Unknown,FiddlerSetup.exe,C:\Users\aaron.biffar\OneDrive - Hilltop Holdings\Microsoft Teams Chat Files,,
HTH9S9CGB3,HTH9S9CGB3.HillTop.Global,ipsafpwb,Unknown,ipsafpwb.exe,C:\Users\aaron.biffar\OneDrive - Hilltop Holdings\Microsoft Teams Chat Files,,
HTH9S9CGB3,HTH9S9CGB3.HillTop.Global,logioptionsplus_installer_offline,Unknown,logioptionsplus_installer_offline.exe,C:\Users\aaron.biffar\OneDrive - Hilltop Holdings\Microsoft Teams Chat Files,,
HTH9S9CGB3,HTH9S9CGB3.HillTop.Global,OneDrive,Unknown,OneDrive.exe,C:\Users\aaron.biffar\OneDrive - Hilltop Holdings\Microsoft Teams Chat Files,,
HTH9S9CGB3,HTH9S9CGB3.HillTop.Global,OneDriveSetup (5),Unknown,OneDriveSetup (5).exe,C:\Users\aaron.biffar\OneDrive - Hilltop Holdings\Microsoft Teams Chat Files,,
HTH9S9CGB3,HTH9S9CGB3.HillTop.Global,TDeluna Mapped Drive Repair,Unknown,TDeluna Mapped Drive Repair.bat,C:\Users\aaron.biffar\OneDrive - Hilltop Holdings\Microsoft Teams Chat Files,,
HTH9S9CGB3,HTH9S9CGB3.HillTop.Global,wireshark,Unknown,wireshark.bat,C:\Users\aaron.biffar\OneDrive - Hilltop Holdings\Microsoft Teams Chat Files,,
HTH9S9CGB3,HTH9S9CGB3.HillTop.Global,SetupProd_ExpExp,Unknown,SetupProd_ExpExp.exe,C:\Users\aaron.biffar\OneDrive - Hilltop Holdings\outlookissue,,
HTH9S9CGB3,HTH9S9CGB3.HillTop.Global,aloinfo,Unknown,aloinfo.exe,C:\Users\aaron.biffar\OneDrive - Hilltop Holdings\Utilities\ALTools,,
HTH9S9CGB3,HTH9S9CGB3.HillTop.Global,eventcombMT,Unknown,eventcombMT.exe,C:\Users\aaron.biffar\OneDrive - Hilltop Holdings\Utilities\ALTools,,
HTH9S9CGB3,HTH9S9CGB3.HillTop.Global,LockoutStatus,Unknown,LockoutStatus.exe,C:\Users\aaron.biffar\OneDrive - Hilltop Holdings\Utilities\ALTools,,
HTH9S9CGB3,HTH9S9CGB3.HillTop.Global,nlparse,Unknown,nlparse.exe,C:\Users\aaron.biffar\OneDrive - Hilltop Holdings\Utilities\ALTools,,
HTH9S9CGB3,HTH9S9CGB3.HillTop.Global,BlueScreenView,Unknown,BlueScreenView.exe,C:\Users\aaron.biffar\OneDrive - Hilltop Holdings\Utilities\bluescreenview,,
HTH9S9CGB3,HTH9S9CGB3.HillTop.Global,PsExec,Unknown,PsExec.exe,C:\Users\aaron.biffar\OneDrive - Hilltop Holdings\Utilities\PSTools,,
HTH9S9CGB3,HTH9S9CGB3.HillTop.Global,PsExec64,Unknown,PsExec64.exe,C:\Users\aaron.biffar\OneDrive - Hilltop Holdings\Utilities\PSTools,,
HTH9S9CGB3,HTH9S9CGB3.HillTop.Global,psfile,Unknown,psfile.exe,C:\Users\aaron.biffar\OneDrive - Hilltop Holdings\Utilities\PSTools,,
HTH9S9CGB3,HTH9S9CGB3.HillTop.Global,psfile64,Unknown,psfile64.exe,C:\Users\aaron.biffar\OneDrive - Hilltop Holdings\Utilities\PSTools,,
HTH9S9CGB3,HTH9S9CGB3.HillTop.Global,PsGetsid,Unknown,PsGetsid.exe,C:\Users\aaron.biffar\OneDrive - Hilltop Holdings\Utilities\PSTools,,
HTH9S9CGB3,HTH9S9CGB3.HillTop.Global,PsGetsid64,Unknown,PsGetsid64.exe,C:\Users\aaron.biffar\OneDrive - Hilltop Holdings\Utilities\PSTools,,
HTH9S9CGB3,HTH9S9CGB3.HillTop.Global,PsInfo,Unknown,PsInfo.exe,C:\Users\aaron.biffar\OneDrive - Hilltop Holdings\Utilities\PSTools,,
HTH9S9CGB3,HTH9S9CGB3.HillTop.Global,PsInfo64,Unknown,PsInfo64.exe,C:\Users\aaron.biffar\OneDrive - Hilltop Holdings\Utilities\PSTools,,
HTH9S9CGB3,HTH9S9CGB3.HillTop.Global,pskill,Unknown,pskill.exe,C:\Users\aaron.biffar\OneDrive - Hilltop Holdings\Utilities\PSTools,,
HTH9S9CGB3,HTH9S9CGB3.HillTop.Global,pskill64,Unknown,pskill64.exe,C:\Users\aaron.biffar\OneDrive - Hilltop Holdings\Utilities\PSTools,,
HTH9S9CGB3,HTH9S9CGB3.HillTop.Global,pslist,Unknown,pslist.exe,C:\Users\aaron.biffar\OneDrive - Hilltop Holdings\Utilities\PSTools,,
HTH9S9CGB3,HTH9S9CGB3.HillTop.Global,pslist64,Unknown,pslist64.exe,C:\Users\aaron.biffar\OneDrive - Hilltop Holdings\Utilities\PSTools,,
HTH9S9CGB3,HTH9S9CGB3.HillTop.Global,PsLoggedon,Unknown,PsLoggedon.exe,C:\Users\aaron.biffar\OneDrive - Hilltop Holdings\Utilities\PSTools,,
HTH9S9CGB3,HTH9S9CGB3.HillTop.Global,PsLoggedon64,Unknown,PsLoggedon64.exe,C:\Users\aaron.biffar\OneDrive - Hilltop Holdings\Utilities\PSTools,,
HTH9S9CGB3,HTH9S9CGB3.HillTop.Global,psloglist,Unknown,psloglist.exe,C:\Users\aaron.biffar\OneDrive - Hilltop Holdings\Utilities\PSTools,,
HTH9S9CGB3,HTH9S9CGB3.HillTop.Global,psloglist64,Unknown,psloglist64.exe,C:\Users\aaron.biffar\OneDrive - Hilltop Holdings\Utilities\PSTools,,
HTH9S9CGB3,HTH9S9CGB3.HillTop.Global,pspasswd,Unknown,pspasswd.exe,C:\Users\aaron.biffar\OneDrive - Hilltop Holdings\Utilities\PSTools,,

